run,nev,pv_x,pv_y,pv_z,pvstd_x,pvstd_y,pvstd_z,sigfit_x,sigfit_y,sigfit_z,bs_x,bs_y,bs_z,bssig_x,bssig_y,bssig_z,ztrue
44249,37,-2.9880,1.4857,-2.9464,0.1244,0.0045,6.2996,0.0327,0.0123,0.0446,-2.9881,1.4851,-2.9500,0.1282,0.0134,6.7441,6.2994
44250,42,-3.0043,1.4966,-3.8031,0.1344,0.0047,8.4929,0.0473,0.0134,0.0649,-3.0238,1.4967,-5.0500,0.1437,0.0144,7.1194,8.4926
44251,15,-2.9602,1.4886,-5.1590,0.1384,0.0060,8.0409,0.0393,0.0134,0.0309,-2.9823,1.4886,-4.9400,0.1528,0.0157,8.9100,8.0408
44253,58,-2.9833,1.4811,-3.0952,0.1080,0.0046,7.6563,0.0440,0.0113,0.0574,-2.9814,1.4806,-2.3700,0.1166,0.0122,7.3251,7.6560
44347,26,-3.0137,1.5090,-4.9077,0.0912,0.0048,5.3384,0.0443,0.0119,0.0575,-3.0015,1.5100,-6.1100,0.1013,0.0135,4.9993,5.3381
44349,28,-3.0294,1.4980,-7.3034,0.1317,0.0053,5.2071,0.0394,0.0126,0.0405,-3.0376,1.4986,-8.0500,0.1511,0.0140,4.6340,5.2070
44359,33,-2.9554,1.4864,-3.3325,0.0764,0.0052,5.5292,0.0376,0.0124,0.0436,-2.9608,1.4868,-3.6300,0.1055,0.0134,5.5613,5.5291
44382,14,-2.9380,1.5252,-4.4500,0.0194,0.0073,5.6766,0.0181,0.0160,0.0505,-2.9383,1.5274,-5.4500,0.0237,0.0184,6.0135,5.6764
44383,204,-2.9320,1.5051,-5.1730,0.1047,0.0037,6.2744,0.0347,0.0108,0.0438,-2.9310,1.5052,-5.0685,0.1118,0.0115,5.7336,6.2742
44386,22,-2.9865,1.5117,-4.2463,0.1067,0.0064,5.7433,0.0374,0.0128,0.0356,-2.9757,1.5114,-3.8800,0.1114,0.0144,5.5868,5.7432
44393,376,-2.9745,1.5102,-4.7649,0.1105,0.0056,5.6379,0.0360,0.0113,0.0465,-2.9712,1.5101,-4.7836,0.1189,0.0120,6.0232,5.6378
44420,15,-3.1028,1.5457,-2.8991,0.0739,0.0055,8.6236,0.0286,0.0166,0.0422,-3.0917,1.5438,-2.9900,0.0873,0.0190,8.7895,8.6235
44423,22,-3.0253,1.5433,-0.7585,0.1343,0.0060,6.5216,0.0319,0.0164,0.0387,-3.0386,1.5445,-0.1500,0.1519,0.0180,5.3815,6.5215
44427,500,-3.0223,1.5381,-4.3387,0.1147,0.0113,6.6080,0.0365,0.0105,0.0463,-3.0196,1.5382,-4.1481,0.1117,0.0111,6.1983,6.6079
44429,273,-3.0233,1.5236,-8.5563,0.0949,0.0031,7.7693,0.0364,0.0105,0.0470,-3.0233,1.5232,-8.4213,0.1006,0.0111,7.0918,7.7692
44440,23,-3.0446,1.5265,-8.4524,0.1252,0.0059,6.1775,0.0395,0.0148,0.0446,-3.0334,1.5254,-8.1900,0.1332,0.0162,6.5088,6.1773
44441,357,-3.0509,1.5192,-7.6563,0.1252,0.0034,6.0247,0.0385,0.0101,0.0442,-3.0534,1.5188,-7.6676,0.1215,0.0107,5.9229,6.0245
44443,324,-3.0291,1.5232,-8.0257,0.1244,0.0035,6.0971,0.0379,0.0103,0.0459,-3.0281,1.5230,-7.9851,0.1324,0.0107,6.2487,6.0969
44444,80,-3.0308,1.5272,-8.4915,0.0990,0.0039,7.1560,0.0353,0.0106,0.0395,-3.0319,1.5270,-8.6700,0.1170,0.0115,7.2889,7.1559
44445,276,-3.0497,1.5259,-9.1157,0.1254,0.0060,6.6975,0.0370,0.0105,0.0464,-3.0380,1.5260,-9.1013,0.1255,0.0109,6.8898,6.6973
44446,512,-3.0273,1.5033,-8.3548,0.1039,0.0103,6.6137,0.0361,0.0103,0.0478,-3.0249,1.5030,-8.2860,0.1084,0.0108,6.7925,6.6135
44453,67,-3.0264,1.4990,-8.1942,0.1204,0.0036,5.9325,0.0335,0.0114,0.0480,-3.0287,1.4992,-8.5000,0.1324,0.0122,6.0458,5.9323
44454,106,-3.0332,1.4985,-8.4194,0.1109,0.0036,5.3699,0.0388,0.0107,0.0468,-3.0412,1.4986,-8.3300,0.1229,0.0114,5.2022,5.3697
44456,16,-3.0623,1.4898,-8.1944,0.0391,0.0068,7.3866,0.0312,0.0139,0.0467,-3.0601,1.4869,-8.7000,0.0533,0.0161,8.8565,7.3865
44457,111,-3.0296,1.4988,-6.8127,0.1180,0.0039,6.8156,0.0357,0.0107,0.0452,-3.0286,1.4987,-6.7400,0.1178,0.0114,7.0518,6.8155
44458,325,-3.0406,1.5088,-7.6592,0.1179,0.0036,5.9959,0.0349,0.0102,0.0459,-3.0409,1.5087,-7.7100,0.1305,0.0109,6.0844,5.9957
44459,363,-3.0201,1.5029,-7.9730,0.1209,0.0055,6.8568,0.0357,0.0106,0.0466,-3.0279,1.5027,-7.5832,0.1235,0.0111,6.7636,6.8567
44461,53,-3.0047,1.5059,-7.3275,0.0999,0.0037,5.7817,0.0334,0.0117,0.0402,-3.0007,1.5061,-8.2000,0.1004,0.0127,5.5643,5.7816
44467,27,-2.9995,1.5111,-6.9435,0.1400,0.0060,5.5644,0.0373,0.0133,0.0408,-3.0130,1.5111,-6.3600,0.1315,0.0147,5.7074,5.5642
44470,110,-2.9949,1.5195,-6.1086,0.1119,0.0031,5.8486,0.0321,0.0108,0.0464,-2.9871,1.5191,-6.3800,0.1057,0.0115,5.7683,5.8484
44471,69,-3.0226,1.5231,-6.0330,0.0996,0.0027,5.6365,0.0359,0.0116,0.0447,-3.0123,1.5229,-6.2700,0.1061,0.0124,6.0458,5.6363
44493,377,-3.0601,1.5182,-8.5683,0.1140,0.0089,6.3168,0.0430,0.0115,0.0520,-3.0643,1.5181,-9.2276,0.1148,0.0121,6.7714,6.3165
44495,164,-3.0584,1.5227,-8.6218,0.1008,0.0028,6.7184,0.0406,0.0113,0.0516,-3.0628,1.5228,-8.2600,0.1098,0.0118,6.9873,6.7182
44496,314,-3.0645,1.5141,-8.8255,0.1275,0.0032,6.5213,0.0389,0.0103,0.0499,-3.0597,1.5143,-9.0327,0.1275,0.0108,6.5357,6.5211
44497,97,-3.0560,1.5186,-8.6305,0.1326,0.0035,5.8904,0.0386,0.0107,0.0448,-3.0609,1.5185,-8.9600,0.1351,0.0115,5.8505,5.8902
44501,123,-3.0406,1.5214,-9.0856,0.1080,0.0036,5.8192,0.0392,0.0102,0.0455,-3.0436,1.5219,-8.9600,0.1087,0.0110,5.7882,5.8190
44502,246,-3.0516,1.5195,-8.5343,0.1182,0.0034,6.2627,0.0338,0.0106,0.0445,-3.0595,1.5196,-8.6982,0.1134,0.0107,5.9690,6.2625
44503,64,-3.0570,1.5174,-9.7359,0.1184,0.0035,6.0358,0.0353,0.0117,0.0495,-3.0436,1.5175,-9.4300,0.1204,0.0125,6.4774,6.0356
44506,41,-3.0550,1.5367,-3.9907,0.0899,0.0040,5.9625,0.0347,0.0118,0.0396,-3.0615,1.5378,-3.8900,0.0956,0.0128,6.1780,5.9624
44507,52,-3.0688,1.5099,-2.9712,0.1303,0.0040,5.4988,0.0369,0.0131,0.0478,-3.0647,1.5098,-2.9300,0.1213,0.0140,5.1829,5.4986
44508,123,-3.0605,1.5246,-3.6378,0.1432,0.0031,6.3975,0.0397,0.0106,0.0498,-3.0636,1.5250,-3.7500,0.1378,0.0113,6.4220,6.3973
44509,127,-3.0621,1.5217,-3.4066,0.1319,0.0041,6.3873,0.0365,0.0108,0.0490,-3.0626,1.5221,-2.8700,0.1247,0.0114,6.2389,6.3871
44510,101,-3.0497,1.5128,-4.7862,0.1268,0.0041,6.0683,0.0387,0.0113,0.0524,-3.0453,1.5126,-5.2000,0.1260,0.0119,6.2752,6.0680
44511,31,-3.0611,1.5102,-6.2290,0.1001,0.0048,6.0457,0.0391,0.0129,0.0578,-3.0611,1.5092,-5.8400,0.0945,0.0141,6.0482,6.0454
44513,115,-3.0675,1.5128,-5.3153,0.1342,0.0038,6.0885,0.0344,0.0106,0.0409,-3.0628,1.5126,-5.2300,0.1338,0.0113,6.2787,6.0884
44515,102,-3.0305,1.5079,-8.0054,0.1420,0.0038,5.9510,0.0337,0.0107,0.0406,-3.0357,1.5076,-8.0700,0.1440,0.0114,5.8789,5.9509
44517,133,-3.0501,1.5066,-5.3058,0.1210,0.0036,5.8252,0.0375,0.0106,0.0476,-3.0519,1.5064,-5.2700,0.1227,0.0112,5.8151,5.8250
44616,35,-3.0710,1.5453,-12.8981,0.1545,0.0040,9.2424,0.0342,0.0126,0.0397,-3.0668,1.5449,-13.3900,0.1679,0.0137,9.1463,9.2423
44618,13,-2.9912,1.5062,-6.2481,0.1348,0.0065,10.2029,0.0442,0.0196,0.0459,-3.0040,1.5027,-5.0600,0.1538,0.0223,12.1318,10.2028
44622,119,-3.0578,1.5368,-9.6473,0.1572,0.0041,7.6345,0.0400,0.0106,0.0478,-3.0576,1.5371,-9.2800,0.1559,0.0113,7.2727,7.6343
44623,89,-3.0429,1.5362,-7.8895,0.1495,0.0038,6.9530,0.0413,0.0109,0.0452,-3.0407,1.5362,-7.0900,0.1582,0.0118,6.4435,6.9529
44624,352,-3.0323,1.5362,-8.7375,0.1511,0.0035,7.2351,0.0393,0.0102,0.0486,-3.0393,1.5360,-8.6332,0.1555,0.0108,7.8589,7.2349
44625,91,-2.9913,1.5310,-8.6625,0.1375,0.0043,6.5707,0.0394,0.0112,0.0583,-2.9920,1.5308,-8.8600,0.1432,0.0119,6.9356,6.5704
44628,104,-3.0461,1.5380,-7.8120,0.1212,0.0038,7.1904,0.0389,0.0108,0.0494,-3.0405,1.5377,-7.2700,0.1309,0.0116,7.1716,7.1902
44632,285,-3.0824,1.5510,-9.7601,0.1163,0.0035,6.4395,0.0370,0.0104,0.0475,-3.0920,1.5509,-9.6476,0.1204,0.0108,6.4636,6.4393
44637,19,-3.0757,1.5524,-11.0473,0.1341,0.0046,4.3513,0.0304,0.0139,0.0345,-3.0653,1.5539,-10.5500,0.1383,0.0153,4.7959,4.3512
44639,37,-3.0627,1.5258,-8.8158,0.1319,0.0041,7.5764,0.0301,0.0131,0.0449,-3.0786,1.5248,-9.2500,0.1293,0.0141,7.6426,7.5763
44649,64,-3.0599,1.5296,-9.2899,0.1115,0.0034,6.7026,0.0348,0.0114,0.0370,-3.0594,1.5292,-9.4000,0.1173,0.0122,7.0833,6.7025
44650,126,-3.0723,1.5293,-9.5215,0.1405,0.0031,6.3708,0.0374,0.0108,0.0460,-3.0772,1.5294,-9.5900,0.1378,0.0114,6.5653,6.3707
44651,57,-3.0614,1.5240,-9.6594,0.1035,0.0035,5.2780,0.0399,0.0112,0.0520,-3.0669,1.5239,-9.0400,0.1136,0.0122,5.3729,5.2777
44764,77,-3.0726,1.4821,-5.2507,0.1593,0.0034,8.4672,0.0417,0.0116,0.0478,-3.0777,1.4821,-4.8300,0.1624,0.0124,8.6246,8.4671
44768,73,-3.0519,1.4896,-3.1853,0.1180,0.0040,7.3901,0.0404,0.0115,0.0536,-3.0494,1.4894,-3.0500,0.1475,0.0123,7.9563,7.3899
44769,16,-3.0295,1.4938,-5.1004,0.1279,0.0066,7.3128,0.0390,0.0144,0.0396,-3.0379,1.4933,-4.4600,0.1517,0.0164,7.5906,7.3127
44771,26,-3.0587,1.4975,-5.1110,0.0816,0.0040,6.9365,0.0362,0.0131,0.0460,-3.0573,1.4973,-5.9300,0.0916,0.0146,7.2889,6.9364
44772,12,-3.0555,1.4945,-5.2561,0.0999,0.0054,8.3350,0.0334,0.0185,0.0363,-3.0598,1.4928,-4.5700,0.1092,0.0209,9.2565,8.3350
44777,93,-3.0243,1.4935,-3.6731,0.0878,0.0037,6.2581,0.0329,0.0108,0.0470,-3.0247,1.4938,-3.7900,0.0898,0.0116,6.2395,6.2580
44778,83,-3.0197,1.4790,-3.9242,0.0998,0.0033,6.0553,0.0444,0.0110,0.0585,-3.0200,1.4788,-3.7500,0.1171,0.0118,6.1944,6.0551
44785,57,-3.0003,1.4882,-5.6110,0.1148,0.0032,6.2934,0.0354,0.0121,0.0446,-3.0082,1.4887,-5.3100,0.1084,0.0130,6.5376,6.2933
44787,102,-3.0096,1.4870,-3.3942,0.1267,0.0032,6.6844,0.0436,0.0110,0.0543,-3.0028,1.4869,-3.8200,0.1400,0.0116,6.6055,6.6842
44788,30,-3.0402,1.4932,-4.7090,0.1495,0.0042,5.4682,0.0367,0.0128,0.0382,-3.0523,1.4935,-4.4800,0.1531,0.0140,5.5386,5.4681
44790,353,-3.0586,1.4886,-3.8392,0.1408,0.0039,6.5694,0.0371,0.0102,0.0510,-3.0582,1.4886,-3.6329,0.1445,0.0108,6.7648,6.5692
44810,56,-3.0146,1.4736,-4.1546,0.1528,0.0036,6.7585,0.0344,0.0130,0.0447,-3.0089,1.4729,-4.8300,0.1552,0.0138,7.2170,6.7584
44811,235,-3.0328,1.4866,-4.4962,0.1244,0.0046,6.2384,0.0365,0.0107,0.0471,-3.0313,1.4865,-4.4413,0.1316,0.0110,6.5070,6.2382
44812,292,-3.0650,1.4797,-3.5103,0.1292,0.0031,6.4627,0.0367,0.0105,0.0485,-3.0654,1.4794,-3.6022,0.1336,0.0111,6.7159,6.4625
44822,25,-3.0472,1.4836,-0.2405,0.1325,0.0087,6.0288,0.0478,0.0146,0.0657,-3.0584,1.4812,-1.6300,0.1314,0.0163,6.0833,6.0284
44824,435,-3.0448,1.4800,-4.0525,0.1208,0.0056,6.5418,0.0348,0.0104,0.0486,-3.0429,1.4802,-4.1474,0.1195,0.0109,6.6616,6.5416
44827,56,-3.0644,1.4795,-4.1231,0.1078,0.0043,5.8192,0.0375,0.0115,0.0527,-3.0608,1.4795,-3.6400,0.1164,0.0124,5.7533,5.8189
44828,60,-3.0349,1.4881,-2.6965,0.1133,0.0037,6.7962,0.0361,0.0122,0.0456,-3.0390,1.4888,-2.9700,0.1215,0.0129,7.4611,6.7961
44829,13,-2.9962,1.4903,-2.0676,0.0858,0.0082,7.3226,0.0293,0.0140,0.0358,-2.9767,1.4910,-2.8500,0.0648,0.0164,9.0199,7.3225
45006,15,-3.0065,1.5193,-7.7770,0.1302,0.0056,7.1431,0.0521,0.0175,0.0511,-2.9811,1.5201,-7.9600,0.1503,0.0195,8.0764,7.1429
45007,16,-3.0123,1.4802,-5.9653,0.1268,0.0130,4.8826,0.0410,0.0193,0.0482,-3.0598,1.4738,-7.3900,0.1092,0.0217,5.6710,4.8824
45015,25,-3.0298,1.5265,-10.4971,0.1091,0.0054,6.8082,0.0346,0.0136,0.0385,-3.0169,1.5267,-9.7400,0.1202,0.0150,6.9754,6.8080
45043,42,-3.0642,1.4968,-6.2496,0.1670,0.0049,7.8883,0.0395,0.0125,0.0415,-3.0800,1.4970,-7.4300,0.1665,0.0136,8.1407,7.8882
45046,82,-2.9918,1.4906,-6.5168,0.1566,0.0030,7.3911,0.0435,0.0108,0.0511,-2.9986,1.4903,-6.7100,0.1624,0.0116,7.8070,7.3910
45050,55,-3.0297,1.4813,-8.7265,0.1814,0.0030,7.6028,0.0336,0.0125,0.0415,-3.0484,1.4807,-8.8400,0.1762,0.0133,7.2435,7.6027
45076,28,-3.0837,1.4873,-7.0745,0.1656,0.0034,8.0364,0.0492,0.0130,0.0580,-3.0825,1.4882,-7.6500,0.1765,0.0144,8.7530,8.0362
45077,296,-3.0200,1.5022,-7.2570,0.1308,0.0033,6.7348,0.0335,0.0106,0.0451,-3.0220,1.5020,-7.0900,0.1355,0.0110,6.7873,6.7347
45082,132,-2.9976,1.5014,-7.2989,0.1103,0.0035,6.7056,0.0385,0.0104,0.0494,-2.9987,1.5016,-7.2500,0.1097,0.0111,6.8787,6.7054
45085,52,-3.0437,1.4891,-8.2742,0.1393,0.0043,5.5327,0.0411,0.0121,0.0540,-3.0327,1.4890,-8.2200,0.1369,0.0130,5.4313,5.5324
45086,96,-3.0548,1.4962,-7.3799,0.1440,0.0035,6.4545,0.0369,0.0110,0.0523,-3.0590,1.4955,-7.4700,0.1492,0.0117,6.7590,6.4543
45087,12,-3.0174,1.4967,-5.9433,0.1702,0.0050,5.7554,0.0348,0.0178,0.0373,-3.0219,1.4941,-5.9100,0.1695,0.0201,6.2061,5.7553
45088,33,-3.0631,1.4911,-7.2492,0.1274,0.0055,6.5901,0.0379,0.0128,0.0569,-3.0471,1.4906,-7.6400,0.1174,0.0139,6.9138,6.5899
45089,81,-3.0306,1.4911,-7.5769,0.1359,0.0042,5.1415,0.0367,0.0120,0.0509,-3.0307,1.4914,-7.4100,0.1212,0.0126,5.0018,5.1413
45090,25,-2.9993,1.5136,-6.9827,0.1064,0.0054,5.8707,0.0419,0.0151,0.0411,-2.9873,1.5135,-7.9700,0.1301,0.0166,6.7072,5.8706
45091,49,-3.0518,1.5033,-8.6999,0.1523,0.0040,6.3019,0.0415,0.0131,0.0522,-3.0720,1.5037,-8.7200,0.1765,0.0139,6.4662,6.3017
45092,177,-3.0255,1.4994,-7.1879,0.1416,0.0031,6.0629,0.0394,0.0103,0.0535,-3.0309,1.4992,-6.9400,0.1396,0.0109,6.0934,6.0627
45094,48,-2.9838,1.5063,-6.5819,0.1322,0.0043,5.3216,0.0422,0.0120,0.0420,-2.9857,1.5061,-6.2200,0.1162,0.0131,5.9013,5.3214
45095,56,-3.0380,1.5107,-8.8791,0.1213,0.0037,5.4835,0.0357,0.0118,0.0421,-3.0280,1.5120,-8.5700,0.1295,0.0126,5.4176,5.4833
45101,75,-3.0686,1.5079,-6.9121,0.1553,0.0040,6.1337,0.0388,0.0114,0.0496,-3.0631,1.5079,-6.8100,0.1678,0.0122,6.2388,6.1335
45103,130,-3.0359,1.5109,-8.8453,0.1298,0.0035,5.9468,0.0390,0.0106,0.0553,-3.0410,1.5110,-8.5100,0.1247,0.0112,5.8130,5.9465
45105,117,-3.0450,1.5007,-7.4531,0.1353,0.0036,5.6693,0.0355,0.0105,0.0417,-3.0473,1.5008,-7.3200,0.1408,0.0112,5.5891,5.6692
45106,37,-3.0771,1.5051,-7.6732,0.1529,0.0040,6.4808,0.0394,0.0124,0.0476,-3.0768,1.5045,-7.2600,0.1642,0.0136,7.1220,6.4806
45107,91,-3.0676,1.4999,-7.9866,0.1572,0.0033,5.6783,0.0359,0.0111,0.0451,-3.0794,1.4994,-8.1000,0.1522,0.0118,5.5538,5.6782
45108,56,-3.0393,1.5173,-6.1707,0.1503,0.0039,5.8727,0.0425,0.0117,0.0514,-3.0424,1.5170,-5.9500,0.1609,0.0126,5.8679,5.8725
45110,33,-3.0088,1.5036,-5.5885,0.1051,0.0053,5.1289,0.0317,0.0132,0.0375,-3.0147,1.5040,-5.6100,0.1218,0.0144,5.2432,5.1287
45111,38,-3.0132,1.5010,-9.8535,0.1003,0.0045,6.4301,0.0333,0.0128,0.0465,-3.0085,1.5009,-10.1300,0.0988,0.0137,6.8849,6.4299
45112,36,-2.9874,1.5040,-6.4862,0.1403,0.0043,5.1482,0.0348,0.0125,0.0417,-2.9914,1.5041,-6.1900,0.1465,0.0136,5.2359,5.1481
45113,31,-3.0564,1.4936,-7.5258,0.1429,0.0044,5.6449,0.0405,0.0122,0.0594,-3.0296,1.4924,-6.5400,0.1515,0.0137,5.0775,5.6446
45123,15,-3.0466,1.5074,-5.4902,0.0766,0.0067,4.8854,0.0386,0.0149,0.0397,-3.0327,1.5066,-5.6800,0.0879,0.0170,5.6199,4.8852
45124,22,-3.0445,1.4974,-7.3306,0.1193,0.0060,6.0768,0.0335,0.0150,0.0452,-3.0383,1.4962,-7.3400,0.1309,0.0165,6.1066,6.0766
45125,17,-3.0498,1.4984,-7.7200,0.1009,0.0040,5.1854,0.0347,0.0153,0.0433,-3.0449,1.4982,-7.5500,0.1168,0.0169,5.4227,5.1852
45164,27,-2.8243,1.5030,-5.6898,0.1467,0.0057,6.5698,0.0380,0.0128,0.0401,-2.8351,1.5020,-5.8500,0.1382,0.0142,7.0327,6.5697
45166,26,-2.9154,1.5177,-7.4772,0.1247,0.0046,8.7871,0.0376,0.0138,0.0485,-2.9349,1.5182,-7.7600,0.1173,0.0152,9.7787,8.7869
45170,78,-2.8987,1.5364,-8.6936,0.1383,0.0031,7.3562,0.0367,0.0119,0.0507,-2.8982,1.5362,-9.1400,0.1373,0.0125,7.7291,7.3560
45172,163,-2.9369,1.5272,-6.7141,0.1339,0.0037,7.0510,0.0381,0.0102,0.0551,-2.9308,1.5270,-6.4600,0.1346,0.0109,7.1183,7.0508
45175,30,-2.9248,1.5254,-6.1105,0.1058,0.0062,5.8755,0.0376,0.0125,0.0475,-2.9371,1.5244,-5.8800,0.1079,0.0138,6.2228,5.8753
45184,74,-2.8926,1.4967,-6.1564,0.0997,0.0035,6.3821,0.0355,0.0115,0.0518,-2.8781,1.4966,-5.9800,0.1051,0.0122,6.6758,6.3819
45186,169,-2.9236,1.4974,-7.5285,0.1057,0.0033,6.2635,0.0338,0.0103,0.0453,-2.9233,1.4970,-7.1700,0.1015,0.0109,5.9321,6.2633
45187,227,-2.9133,1.5007,-7.0187,0.1172,0.0042,6.5641,0.0364,0.0105,0.0441,-2.9095,1.5006,-6.9285,0.1174,0.0107,6.4718,6.5640
45195,106,-2.8994,1.4892,-6.6744,0.0982,0.0039,6.1628,0.0337,0.0107,0.0429,-2.8985,1.4890,-6.6100,0.1057,0.0114,6.2319,6.1627
45196,31,-2.8996,1.4945,-7.4987,0.0955,0.0056,7.5798,0.0352,0.0138,0.0595,-2.9090,1.4958,-6.9200,0.1004,0.0149,8.2919,7.5796
45197,31,-2.8731,1.5006,-5.9276,0.0960,0.0060,6.5020,0.0414,0.0123,0.0554,-2.8717,1.5019,-5.1400,0.1058,0.0137,6.7101,6.5018
45198,15,-2.9424,1.5002,-4.9150,0.0984,0.0094,5.1938,0.0298,0.0165,0.0352,-2.9455,1.4999,-4.5800,0.0978,0.0187,6.0998,5.1937
45199,16,-2.9086,1.4937,-5.7185,0.0828,0.0042,5.8195,0.0292,0.0144,0.0412,-2.9274,1.4927,-5.7500,0.0783,0.0162,7.0931,5.8193
45201,411,-2.9213,1.4900,-7.0805,0.1116,0.0034,6.0793,0.0364,0.0101,0.0463,-2.9151,1.4898,-7.2003,0.0954,0.0107,6.6336,6.0791
45204,378,-2.9038,1.5010,-6.5867,0.1111,0.0042,6.1316,0.0372,0.0103,0.0480,-2.9020,1.5010,-6.6157,0.1084,0.0108,6.2839,6.1314
45207,112,-2.8924,1.4998,-7.4509,0.1078,0.0033,6.9596,0.0365,0.0107,0.0469,-2.8939,1.4998,-7.5700,0.1097,0.0113,7.3155,6.9594
45209,203,-2.8998,1.4990,-7.0989,0.0906,0.0035,6.4816,0.0357,0.0103,0.0505,-2.9037,1.4986,-6.9000,0.0944,0.0109,6.7486,6.4814
45210,365,-2.9035,1.4967,-7.2143,0.1032,0.0034,5.6628,0.0335,0.0104,0.0478,-2.9051,1.4966,-7.2858,0.1044,0.0108,5.4188,5.6626
45212,1060,-2.9057,1.5036,-7.2971,0.0992,0.0046,5.9301,0.0363,0.0101,0.0485,-2.9038,1.5036,-7.3880,0.1014,0.0107,5.8820,5.9299
45215,27,-2.9424,1.4976,-5.6249,0.0957,0.0092,5.6718,0.0383,0.0151,0.0459,-2.9368,1.4992,-5.3000,0.1002,0.0168,6.2435,5.6716
45216,146,-2.9023,1.5045,-7.2705,0.1068,0.0034,5.8587,0.0328,0.0105,0.0428,-2.9005,1.5045,-7.4500,0.1056,0.0111,6.1735,5.8586
45218,54,-2.9425,1.5056,-8.4187,0.1100,0.0035,4.8606,0.0387,0.0121,0.0470,-2.9354,1.5049,-8.1200,0.1208,0.0130,5.0441,4.8604
45219,11,-2.9017,1.5002,-5.4643,0.0783,0.0091,6.8035,0.0447,0.0167,0.0487,-2.8965,1.4994,-6.3900,0.1021,0.0191,7.1049,6.8033
45265,35,-3.0358,1.5260,-7.1663,0.1238,0.0039,9.4190,0.0298,0.0125,0.0380,-3.0529,1.5253,-6.9400,0.1202,0.0136,10.2070,9.4190
45267,61,-3.0932,1.5387,-5.9684,0.1288,0.0038,8.7204,0.0345,0.0116,0.0458,-3.0958,1.5385,-6.0800,0.1245,0.0125,9.0145,8.7203
45271,16,-3.0019,1.5226,-5.7868,0.1712,0.0086,7.2126,0.0470,0.0176,0.0575,-2.9826,1.5218,-4.8800,0.1986,0.0200,7.0356,7.2123
45272,19,-3.0373,1.5264,-3.3470,0.1657,0.0056,10.4798,0.0417,0.0165,0.0547,-3.0185,1.5267,-4.4100,0.1540,0.0183,10.5355,10.4796
45273,650,-3.0300,1.5195,-6.7794,0.1445,0.0044,8.5171,0.0395,0.0101,0.0488,-3.0279,1.5197,-6.9457,0.1425,0.0108,9.0813,8.5169
45281,367,-3.0127,1.5173,-6.9153,0.1381,0.0033,8.0228,0.0383,0.0104,0.0489,-3.0150,1.5171,-6.6269,0.1274,0.0106,7.9267,8.0227
45282,414,-3.0297,1.5153,-6.4772,0.1479,0.0038,8.6305,0.0357,0.0103,0.0465,-3.0392,1.5150,-6.6215,0.1325,0.0109,8.6450,8.6303
45284,18,-3.0559,1.5242,-5.7415,0.1227,0.0043,7.2341,0.0343,0.0150,0.0382,-3.0470,1.5239,-5.7800,0.1315,0.0165,7.7933,7.2340
45285,57,-3.0083,1.5276,-7.4630,0.1164,0.0047,7.9453,0.0357,0.0114,0.0503,-3.0039,1.5278,-7.0800,0.1155,0.0122,8.3599,7.9451
45286,14,-2.9670,1.5280,-6.8096,0.1217,0.0042,9.5590,0.0472,0.0152,0.0755,-2.9539,1.5286,-8.8800,0.1295,0.0173,9.0472,9.5587
45287,17,-3.0474,1.5273,-7.3043,0.1129,0.0073,7.3007,0.0392,0.0153,0.0466,-3.0484,1.5269,-6.6200,0.1204,0.0171,7.9665,7.3005
45290,21,-3.0031,1.5438,-10.2556,0.1417,0.0059,7.6472,0.0437,0.0131,0.0438,-2.9996,1.5444,-10.5200,0.1576,0.0148,7.9596,7.6471
45291,17,-3.0734,1.5272,-7.2914,0.1527,0.0046,6.3802,0.0317,0.0156,0.0391,-3.0676,1.5276,-6.8500,0.1523,0.0174,6.3409,6.3801
45294,17,-3.0021,1.5465,-4.8909,0.1199,0.0077,6.3979,0.0502,0.0167,0.0612,-3.0390,1.5469,-4.9500,0.1338,0.0187,7.8887,6.3976
45296,17,-2.9810,1.5273,-13.4351,0.0868,0.0058,7.3709,0.0440,0.0145,0.0698,-2.9619,1.5262,-12.9900,0.1093,0.0162,6.5929,7.3706
45297,22,-3.0285,1.5262,-8.5006,0.1228,0.0040,9.1003,0.0332,0.0140,0.0417,-3.0273,1.5259,-7.9400,0.1413,0.0157,10.0458,9.1002
45298,19,-3.0031,1.5252,-9.3650,0.1081,0.0069,7.4281,0.0348,0.0137,0.0407,-3.0128,1.5249,-9.0300,0.1138,0.0154,7.9040,7.4280
45321,78,-3.0084,1.5367,-8.6814,0.1219,0.0039,6.6778,0.0376,0.0114,0.0459,-3.0282,1.5369,-8.0500,0.1292,0.0121,7.0410,6.6777
45322,136,-3.0616,1.5275,-6.9335,0.1203,0.0036,6.9889,0.0347,0.0104,0.0433,-3.0622,1.5275,-7.1200,0.1176,0.0111,6.9544,6.9888
45323,85,-3.0156,1.5270,-6.9045,0.0817,0.0033,6.6799,0.0358,0.0108,0.0479,-3.0170,1.5271,-6.6400,0.0798,0.0116,6.9345,6.6797
45327,70,-2.9908,1.5332,-7.4729,0.1938,0.0040,7.8208,0.0411,0.0108,0.0489,-2.9612,1.5325,-7.2400,0.1909,0.0118,7.2994,7.8206
45328,55,-2.9374,1.5247,-5.8829,0.1605,0.0039,7.7409,0.0408,0.0113,0.0489,-2.9450,1.5245,-5.8500,0.1621,0.0123,7.4863,7.7407
45329,21,-2.9501,1.5181,-6.9394,0.1947,0.0050,8.1116,0.0379,0.0150,0.0492,-2.9416,1.5192,-7.1400,0.2228,0.0165,8.6981,8.1115
45330,182,-2.9879,1.5241,-7.4323,0.1608,0.0035,7.0648,0.0404,0.0103,0.0464,-2.9859,1.5241,-7.0200,0.1656,0.0109,6.9953,7.0646
45331,146,-2.9765,1.5272,-8.3132,0.1496,0.0035,8.2735,0.0369,0.0106,0.0470,-2.9796,1.5270,-8.2800,0.1487,0.0112,8.4651,8.2733
45332,94,-2.9784,1.5220,-7.6794,0.1434,0.0032,6.6322,0.0393,0.0114,0.0527,-2.9860,1.5221,-8.1100,0.1331,0.0120,6.3407,6.6320
45334,47,-2.9822,1.5323,-7.0726,0.1354,0.0038,8.5279,0.0489,0.0121,0.0520,-2.9902,1.5330,-8.8200,0.1395,0.0131,7.8050,8.5277
45335,251,-2.9550,1.5180,-7.2862,0.1575,0.0056,7.4010,0.0364,0.0107,0.0463,-2.9566,1.5183,-7.0528,0.1627,0.0112,7.8794,7.4008
45336,126,-2.9777,1.5136,-7.4901,0.1338,0.0032,6.9453,0.0371,0.0103,0.0413,-2.9707,1.5133,-7.8700,0.1327,0.0111,7.1932,6.9452
45338,219,-2.9850,1.5062,-7.1235,0.1692,0.0035,6.9646,0.0383,0.0107,0.0483,-2.9878,1.5059,-6.9131,0.1596,0.0108,6.7712,6.9645
45339,309,-2.9406,1.5163,-7.0395,0.1660,0.0031,6.6318,0.0384,0.0103,0.0466,-2.9487,1.5164,-6.9004,0.1697,0.0108,6.7054,6.6317
45340,146,-2.9665,1.5141,-7.3898,0.1406,0.0028,5.9619,0.0417,0.0104,0.0469,-2.9659,1.5136,-7.4200,0.1547,0.0110,5.9546,5.9617
45345,99,-2.9390,1.5156,-8.0516,0.1455,0.0033,6.4959,0.0419,0.0114,0.0549,-2.9547,1.5156,-8.3700,0.1481,0.0120,6.6852,6.4957
45346,137,-2.9510,1.5138,-6.9548,0.1628,0.0033,5.8642,0.0385,0.0104,0.0427,-2.9569,1.5141,-7.3100,0.1678,0.0111,5.8858,5.8640
45347,146,-2.8940,1.5150,-7.5711,0.1496,0.0036,5.6395,0.0416,0.0105,0.0480,-2.8999,1.5152,-7.7400,0.1538,0.0111,5.6192,5.6393
45350,41,-2.8608,1.5040,-7.7528,0.1341,0.0037,5.5779,0.0391,0.0124,0.0456,-2.8641,1.5045,-7.8600,0.1587,0.0133,5.4532,5.5778
45351,65,-2.9013,1.5061,-8.2927,0.1433,0.0032,5.8065,0.0408,0.0116,0.0495,-2.8774,1.5060,-9.0700,0.1375,0.0124,6.1631,5.8063
45352,90,-2.9128,1.4976,-7.4804,0.1642,0.0038,6.3238,0.0396,0.0112,0.0484,-2.9271,1.4971,-7.2300,0.1713,0.0119,5.8228,6.3236
45353,166,-2.9043,1.4942,-7.3095,0.1538,0.0030,5.8382,0.0376,0.0103,0.0443,-2.9097,1.4944,-7.5600,0.1727,0.0109,6.0236,5.8381
45354,185,-2.9223,1.4923,-6.9521,0.1613,0.0030,5.7461,0.0428,0.0103,0.0489,-2.9164,1.4922,-7.0500,0.1617,0.0109,5.7781,5.7458
45355,169,-2.9014,1.4795,-7.8613,0.1656,0.0031,6.2706,0.0386,0.0104,0.0511,-2.8934,1.4792,-7.9000,0.1637,0.0110,5.9921,6.2704
45356,53,-2.9180,1.4822,-6.9785,0.1574,0.0036,6.1611,0.0410,0.0118,0.0468,-2.9183,1.4821,-6.7500,0.1720,0.0127,6.2813,6.1609
45357,74,-2.8999,1.4790,-7.5379,0.1221,0.0035,5.4171,0.0395,0.0112,0.0512,-2.8808,1.4792,-7.6400,0.1263,0.0120,5.6530,5.4168
45358,838,-2.8939,1.4899,-7.2207,0.1431,0.0096,6.1858,0.0384,0.0104,0.0492,-2.8967,1.4897,-7.3068,0.1446,0.0109,6.0818,6.1856
45360,338,-2.9504,1.5057,-6.9823,0.1113,0.0050,5.5950,0.0361,0.0103,0.0467,-2.9539,1.5059,-6.9904,0.1094,0.0107,5.5574,5.5948
45428,31,-3.0916,1.5277,-7.4430,0.0828,0.0050,9.5491,0.0370,0.0125,0.0402,-3.0781,1.5284,-6.1900,0.0823,0.0138,9.8725,9.5490
45429,239,-3.0756,1.5135,-7.3684,0.1471,0.0031,8.1936,0.0382,0.0102,0.0475,-3.0781,1.5135,-7.5500,0.1504,0.0107,8.1686,8.1934
45430,134,-3.0371,1.5032,-8.0993,0.1791,0.0034,7.7380,0.0375,0.0105,0.0456,-3.0415,1.5033,-8.1000,0.1789,0.0112,7.7774,7.7379
45431,135,-3.0429,1.5075,-7.8329,0.1297,0.0034,8.3907,0.0407,0.0107,0.0523,-3.0495,1.5076,-8.3100,0.1368,0.0113,8.2678,8.3905
45432,46,-3.0409,1.5032,-5.8186,0.1415,0.0045,8.0088,0.0441,0.0130,0.0512,-3.0225,1.5037,-4.1500,0.1607,0.0139,8.3287,8.0086
45433,105,-3.0664,1.4913,-7.4604,0.0957,0.0031,6.8067,0.0354,0.0110,0.0514,-3.0631,1.4911,-6.9700,0.0948,0.0116,6.6770,6.8065
45434,28,-3.0430,1.4894,-8.1214,0.1405,0.0051,7.1544,0.0389,0.0129,0.0440,-3.0443,1.4885,-7.9900,0.1401,0.0142,7.6035,7.1542
46001,501,-3.0314,1.4964,-7.5847,0.1080,0.0040,6.7321,0.0368,0.0100,0.0479,-3.0333,1.4966,-7.5396,0.1053,0.0105,6.7653,6.7319
46002,109,-3.0409,1.4980,-7.9282,0.1182,0.0038,6.7183,0.0371,0.0107,0.0468,-3.0486,1.4980,-7.9500,0.1168,0.0114,6.4092,6.7181
46003,678,-3.0306,1.4926,-7.7624,0.1235,0.0040,6.7898,0.0364,0.0102,0.0488,-3.0274,1.4925,-7.5191,0.1213,0.0107,6.6310,6.7896
46004,1770,-3.0745,1.4961,-7.2845,0.1352,0.0035,6.3104,0.0378,0.0101,0.0482,-3.0768,1.4959,-7.1707,0.1305,0.0107,6.4698,6.3102
46006,154,-3.0637,1.5032,-7.1913,0.1213,0.0033,5.8858,0.0380,0.0103,0.0448,-3.0645,1.5032,-7.1400,0.1196,0.0109,6.0094,5.8856
46007,22,-3.1246,1.4976,-8.1796,0.1189,0.0038,4.9753,0.0278,0.0145,0.0430,-3.0967,1.4969,-8.4100,0.1083,0.0158,5.5755,4.9752
46009,22,-3.0346,1.5033,-8.4882,0.0934,0.0051,4.8313,0.0392,0.0153,0.0654,-3.0263,1.5049,-9.3600,0.1244,0.0172,4.8037,4.8309
46010,106,-3.0425,1.5149,-8.5481,0.1423,0.0030,5.9061,0.0390,0.0109,0.0480,-3.0418,1.5154,-8.3700,0.1510,0.0115,6.0081,5.9059
46011,123,-3.0702,1.5002,-7.7122,0.1088,0.0033,6.4686,0.0370,0.0105,0.0473,-3.0695,1.5006,-8.1600,0.1167,0.0112,6.2916,6.4684
46012,39,-3.0773,1.4872,-6.9230,0.1321,0.0043,6.7367,0.0332,0.0131,0.0449,-3.0806,1.4868,-7.1800,0.1292,0.0141,7.3646,6.7366
46013,75,-3.0652,1.5008,-7.3746,0.1341,0.0030,6.1806,0.0359,0.0116,0.0438,-3.0782,1.5013,-7.0100,0.1293,0.0123,5.7240,6.1804
46014,18,-3.0030,1.4895,-6.4088,0.1562,0.0064,5.8237,0.0530,0.0136,0.0567,-2.9789,1.4890,-7.2400,0.1610,0.0155,6.4789,5.8234
46015,136,-3.0606,1.4960,-8.1764,0.1339,0.0033,5.8924,0.0393,0.0104,0.0489,-3.0655,1.4966,-8.4300,0.1327,0.0111,5.6410,5.8922
46016,169,-3.0689,1.4791,-8.4964,0.1348,0.0034,5.8408,0.0378,0.0106,0.0485,-3.0674,1.4787,-8.7000,0.1376,0.0111,5.8077,5.8406
46017,160,-3.0650,1.4734,-7.3630,0.1209,0.0029,5.4739,0.0384,0.0104,0.0513,-3.0636,1.4729,-7.0600,0.1286,0.0110,5.6112,5.4736
46018,39,-3.0703,1.4629,-8.2875,0.1150,0.0045,5.1825,0.0371,0.0121,0.0537,-3.0772,1.4630,-8.2900,0.1021,0.0132,5.6088,5.1822
46019,99,-3.0636,1.4684,-8.1783,0.1467,0.0038,6.0794,0.0375,0.0111,0.0435,-3.0510,1.4684,-7.9500,0.1480,0.0117,6.3914,6.0793
46020,107,-3.0809,1.4699,-7.6306,0.1186,0.0032,5.7592,0.0403,0.0108,0.0462,-3.0887,1.4699,-7.3700,0.1218,0.0115,5.6917,5.7590
46021,92,-3.0496,1.4692,-7.7578,0.1221,0.0036,6.3777,0.0392,0.0111,0.0526,-3.0511,1.4688,-7.2600,0.1271,0.0119,6.6294,6.3775
46022,89,-3.0448,1.4852,-8.4142,0.1141,0.0037,6.2033,0.0395,0.0108,0.0521,-3.0461,1.4853,-8.4200,0.1140,0.0116,6.4395,6.2031
46023,62,-3.0769,1.4707,-6.7715,0.1348,0.0030,6.0404,0.0400,0.0117,0.0485,-3.0882,1.4697,-7.1400,0.1389,0.0125,6.2496,6.0402
46024,18,-3.0503,1.4844,-6.0973,0.1024,0.0054,6.1724,0.0388,0.0171,0.0487,-3.0563,1.4827,-6.7600,0.1235,0.0190,7.1614,6.1722
46025,100,-3.0493,1.4909,-9.0012,0.1165,0.0034,6.5755,0.0387,0.0105,0.0435,-3.0434,1.4910,-9.3300,0.1219,0.0113,6.7626,6.5754
46027,52,-2.9925,1.4960,-7.5269,0.1454,0.0041,7.0384,0.0400,0.0122,0.0500,-2.9874,1.4957,-7.8900,0.1471,0.0130,7.4424,7.0382
46028,103,-3.0397,1.5060,-8.0442,0.1230,0.0037,6.0417,0.0382,0.0106,0.0579,-3.0318,1.5066,-7.9200,0.1319,0.0114,6.1964,6.0414
46029,120,-3.0620,1.4956,-9.3171,0.1335,0.0035,6.5273,0.0380,0.0104,0.0407,-3.0592,1.4951,-9.0100,0.1418,0.0111,6.7862,6.5271
46030,109,-3.0477,1.5015,-7.7642,0.1060,0.0030,5.7748,0.0358,0.0109,0.0601,-3.0427,1.5021,-7.7600,0.1158,0.0115,5.7266,5.7744
46031,167,-3.0613,1.5098,-8.0630,0.1195,0.0031,6.1319,0.0361,0.0103,0.0440,-3.0578,1.5100,-8.1500,0.1275,0.0109,6.1273,6.1317
46032,66,-3.0374,1.4932,-7.6315,0.1449,0.0040,5.6026,0.0400,0.0110,0.0438,-3.0502,1.4933,-8.1300,0.1504,0.0119,5.3606,5.6025
46037,147,-3.0580,1.4947,-7.8962,0.1179,0.0029,5.6050,0.0346,0.0104,0.0415,-3.0537,1.4945,-8.2900,0.1236,0.0110,5.7159,5.6049
46038,149,-3.0224,1.5017,-7.6870,0.1163,0.0035,5.7423,0.0407,0.0104,0.0496,-3.0189,1.5016,-7.8000,0.1236,0.0111,5.6759,5.7421
46039,168,-3.0546,1.5041,-6.8704,0.1152,0.0038,5.6103,0.0386,0.0102,0.0504,-3.0460,1.5039,-6.6800,0.1205,0.0109,5.7190,5.6101
46040,131,-3.0496,1.4985,-7.9662,0.1327,0.0033,6.3292,0.0396,0.0106,0.0451,-3.0556,1.4981,-7.6200,0.1307,0.0113,6.3623,6.3291
46041,140,-3.0350,1.5037,-7.7908,0.1198,0.0034,6.3790,0.0360,0.0105,0.0456,-3.0378,1.5042,-7.4500,0.1236,0.0111,6.4828,6.3788
46043,81,-3.0343,1.4920,-6.5983,0.1100,0.0041,6.3152,0.0334,0.0111,0.0455,-3.0316,1.4917,-6.3700,0.1180,0.0118,6.7160,6.3150
46045,54,-3.0691,1.4951,-8.0788,0.1242,0.0030,6.7908,0.0365,0.0120,0.0484,-3.0710,1.4948,-8.4100,0.1316,0.0129,6.3640,6.7906
46046,83,-3.0699,1.4950,-7.1864,0.1319,0.0038,5.6732,0.0397,0.0107,0.0544,-3.0748,1.4956,-7.5200,0.1372,0.0116,5.7160,5.6729
46047,110,-3.0612,1.4995,-7.6016,0.1200,0.0032,5.6508,0.0371,0.0107,0.0501,-3.0616,1.4998,-7.5700,0.1218,0.0114,5.8051,5.6505
46049,21,-3.0428,1.4894,-4.9416,0.1883,0.0088,7.9538,0.0429,0.0163,0.0577,-3.0363,1.4884,-5.7500,0.1946,0.0182,7.3677,7.9536
46053,20,-3.1175,1.4963,-10.4383,0.2082,0.0070,7.1275,0.0506,0.0148,0.0552,-3.1366,1.4990,-9.9400,0.2331,0.0164,6.6437,7.1272
46125,18,-3.0104,1.5266,-3.0201,0.1427,0.0079,7.7236,0.0304,0.0148,0.0402,-3.0143,1.5275,-4.8800,0.1579,0.0167,7.6307,7.7235
46127,384,-3.0547,1.5216,-6.7109,0.1605,0.0036,7.9855,0.0375,0.0101,0.0449,-3.0467,1.5216,-6.7572,0.1736,0.0107,8.1421,7.9854
46128,825,-3.0755,1.5086,-6.1904,0.1409,0.0051,7.5822,0.0382,0.0102,0.0495,-3.0792,1.5086,-6.1694,0.1436,0.0108,7.4345,7.5820
46150,396,-3.0445,1.5542,-7.6428,0.1561,0.0056,8.8473,0.0374,0.0102,0.0472,-3.0458,1.5543,-7.2591,0.1536,0.0108,8.4478,8.8471
46151,184,-2.9669,1.5213,-8.3325,0.1244,0.0036,7.0875,0.0366,0.0105,0.0472,-2.9724,1.5213,-8.0700,0.1235,0.0110,7.2718,7.0874
46168,20,-2.9986,1.5296,-8.1323,0.0884,0.0054,6.5709,0.0346,0.0130,0.0510,-2.9817,1.5304,-8.5000,0.1089,0.0147,6.4214,6.5707
46170,18,-2.9845,1.5084,-9.9173,0.0585,0.0079,7.3389,0.0313,0.0143,0.0401,-2.9779,1.5076,-10.2100,0.0701,0.0161,7.9160,7.3388
46178,53,-2.9795,1.5025,-6.4975,0.0941,0.0028,7.8667,0.0335,0.0122,0.0456,-2.9748,1.5023,-6.5000,0.0853,0.0130,7.9852,7.8666
46183,247,-2.9640,1.4879,-7.9711,0.1004,0.0031,6.3338,0.0374,0.0099,0.0499,-2.9673,1.4879,-7.6700,0.1023,0.0106,6.4008,6.3336
46184,920,-2.9476,1.5144,-7.3582,0.1031,0.0161,6.7138,0.0348,0.0101,0.0479,-2.9495,1.5144,-7.0968,0.1033,0.0105,6.4337,6.7136
46185,749,-2.9460,1.5419,-7.6311,0.1114,0.0100,6.3138,0.0364,0.0100,0.0462,-2.9467,1.5419,-7.6338,0.1144,0.0106,6.4178,6.3137
46186,463,-2.9646,1.5059,-7.8618,0.1065,0.0059,6.1073,0.0354,0.0100,0.0502,-2.9626,1.5058,-7.8482,0.1153,0.0105,6.2009,6.1071
46188,61,-2.9812,1.4953,-7.2123,0.0944,0.0040,6.7966,0.0340,0.0113,0.0394,-2.9698,1.4954,-6.9800,0.0942,0.0121,6.9211,6.7965
46189,2542,-3.0416,1.4780,-7.9630,0.1297,0.0082,5.9512,0.0364,0.0101,0.0487,-3.0421,1.4781,-7.9388,0.1064,0.0106,5.8414,5.9510
46191,344,-3.0955,1.4803,-7.3176,0.1075,0.0065,6.0661,0.0360,0.0103,0.0483,-3.0921,1.4804,-7.0720,0.1163,0.0106,6.1347,6.0659
46192,19,-3.0720,1.4889,-8.4093,0.1265,0.0074,6.4985,0.0364,0.0159,0.0430,-3.0800,1.4876,-8.6900,0.1335,0.0175,6.9454,6.4984
46193,15,-3.0628,1.5048,-4.5937,0.0906,0.0055,4.9441,0.0316,0.0171,0.0389,-3.0625,1.5052,-4.5000,0.0882,0.0189,5.5484,4.9440
46194,54,-3.1027,1.4837,-8.1976,0.1175,0.0037,6.7943,0.0381,0.0118,0.0460,-3.0924,1.4831,-8.5000,0.1124,0.0128,6.9924,6.7942
46195,64,-3.1217,1.4810,-7.0775,0.1182,0.0040,6.6037,0.0388,0.0120,0.0616,-3.1135,1.4807,-7.0900,0.1244,0.0127,7.0275,6.6035
46261,47,-3.0511,1.4722,-6.9119,0.1077,0.0054,7.1541,0.0409,0.0130,0.0528,-3.0601,1.4709,-7.0400,0.1193,0.0139,7.9419,7.1539
46270,135,-3.0289,1.4677,-6.4651,0.1225,0.0037,7.0373,0.0362,0.0105,0.0484,-3.0390,1.4673,-6.7800,0.1247,0.0112,6.6848,7.0371
46273,331,-3.0784,1.4679,-6.9815,0.1407,0.0058,7.7572,0.0372,0.0105,0.0506,-3.0819,1.4680,-7.1799,0.1383,0.0106,7.6777,7.7570
46275,360,-3.0733,1.4692,-7.5984,0.1246,0.0040,7.8400,0.0380,0.0104,0.0480,-3.0724,1.4691,-7.6531,0.1243,0.0106,7.1900,7.8398
46276,1322,-3.0525,1.4739,-7.1897,0.1258,0.0050,7.2965,0.0388,0.0100,0.0498,-3.0521,1.4738,-7.1949,0.1283,0.0106,7.2805,7.2963
46278,76,-3.0064,1.4776,-7.3539,0.1162,0.0036,6.2055,0.0388,0.0115,0.0527,-3.0038,1.4772,-7.4500,0.1262,0.0123,6.3774,6.2053
46296,24,-2.9969,1.4765,-6.0446,0.1245,0.0066,5.1099,0.0357,0.0153,0.0421,-2.9873,1.4766,-6.3300,0.1329,0.0167,5.6318,5.1097
46301,21,-2.9855,1.4780,-8.3557,0.0988,0.0053,5.8806,0.0362,0.0126,0.0509,-2.9731,1.4769,-9.6300,0.0935,0.0143,5.3169,5.8803
46304,41,-2.9626,1.4764,-6.0275,0.1132,0.0045,6.0466,0.0391,0.0120,0.0476,-2.9552,1.4774,-5.9400,0.1262,0.0131,6.1801,6.0464
46306,21,-2.9675,1.4732,-6.4731,0.0769,0.0072,5.5184,0.0362,0.0134,0.0694,-2.9548,1.4718,-7.1600,0.0772,0.0149,5.8686,5.5180
46307,210,-2.9869,1.4751,-7.0889,0.1111,0.0033,5.7676,0.0362,0.0100,0.0432,-2.9856,1.4750,-7.2900,0.1174,0.0106,5.8399,5.7675
46308,167,-3.0573,1.4750,-7.1361,0.1033,0.0030,5.6649,0.0337,0.0103,0.0438,-3.0516,1.4748,-7.1900,0.1065,0.0109,5.7174,5.6647
46402,61,-2.9653,1.5007,-7.3264,0.1679,0.0040,7.4790,0.0420,0.0121,0.0569,-2.9398,1.5010,-6.5800,0.1671,0.0129,8.0257,7.4788
46403,66,-2.9775,1.4943,-6.9693,0.1381,0.0036,8.5774,0.0362,0.0120,0.0473,-2.9908,1.4938,-7.1400,0.1486,0.0127,8.5683,8.5773
46408,80,-2.9532,1.4903,-7.7338,0.1216,0.0038,7.6218,0.0421,0.0111,0.0544,-2.9420,1.4900,-7.0600,0.1303,0.0119,6.9165,7.6216
46409,234,-2.9440,1.4920,-7.2671,0.1214,0.0031,6.8512,0.0388,0.0101,0.0507,-2.9408,1.4920,-7.2300,0.1234,0.0107,7.1103,6.8510
46412,66,-2.9628,1.4823,-6.0652,0.1188,0.0032,6.6309,0.0362,0.0118,0.0486,-2.9533,1.4828,-6.0000,0.1254,0.0125,6.5402,6.6307
46417,24,-2.9194,1.4910,-7.0684,0.1294,0.0053,7.6014,0.0365,0.0142,0.0446,-2.8893,1.4924,-7.1400,0.1201,0.0158,8.5617,7.6012
46420,41,-2.9529,1.4799,-8.6727,0.1346,0.0052,7.6768,0.0333,0.0125,0.0387,-2.9625,1.4790,-7.9200,0.1444,0.0135,7.6261,7.6767
46421,16,-2.9599,1.4872,-7.1217,0.0938,0.0073,7.8844,0.0363,0.0154,0.0401,-2.9584,1.4880,-7.0800,0.1103,0.0172,9.0448,7.8843
46423,16,-2.9787,1.4956,-8.1875,0.0958,0.0047,5.6588,0.0405,0.0152,0.0772,-2.9918,1.4982,-6.9500,0.1083,0.0171,5.1265,5.6583
46432,64,-2.9097,1.4871,-7.1994,0.1457,0.0029,6.8963,0.0353,0.0114,0.0508,-2.9059,1.4869,-7.6800,0.1455,0.0122,6.8511,6.8961
46435,115,-2.9149,1.4999,-5.9950,0.1192,0.0035,6.6724,0.0346,0.0109,0.0552,-2.9148,1.4998,-6.0700,0.1268,0.0115,6.4807,6.6722
46437,79,-2.9141,1.5002,-5.9980,0.1199,0.0035,6.5162,0.0371,0.0113,0.0485,-2.9282,1.5005,-5.6300,0.1161,0.0120,6.5669,6.5160
46440,169,-2.9390,1.5135,-6.6949,0.1270,0.0036,6.2095,0.0392,0.0104,0.0532,-2.9360,1.5139,-6.7300,0.1276,0.0110,6.3359,6.2093
46443,53,-2.9197,1.5239,-7.1494,0.1034,0.0042,7.2748,0.0334,0.0128,0.0422,-2.9227,1.5230,-8.5000,0.1126,0.0137,6.7804,7.2747
46445,267,-2.9314,1.5157,-6.6955,0.1263,0.0036,5.9972,0.0367,0.0100,0.0480,-2.9281,1.5153,-6.8900,0.1324,0.0106,6.0429,5.9970
46448,93,-2.9216,1.5268,-6.6530,0.1039,0.0036,5.9211,0.0319,0.0109,0.0423,-2.9164,1.5271,-6.8400,0.0979,0.0116,6.1281,5.9210
46450,168,-2.9046,1.5279,-7.2267,0.1202,0.0028,6.2366,0.0373,0.0103,0.0464,-2.8990,1.5280,-7.2000,0.1185,0.0110,6.2864,6.2364
46451,17,-2.9297,1.5257,-5.3392,0.1218,0.0062,6.6317,0.0483,0.0145,0.0475,-2.9551,1.5248,-6.0700,0.1235,0.0166,7.6078,6.6316
46452,33,-2.9561,1.5276,-6.9889,0.1293,0.0049,5.6102,0.0368,0.0118,0.0436,-2.9639,1.5276,-7.6400,0.1266,0.0131,5.7379,5.6100
46456,50,-2.8958,1.5372,-5.7954,0.1090,0.0044,6.0277,0.0310,0.0129,0.0441,-2.9011,1.5374,-5.5900,0.1046,0.0138,6.4563,6.0275
46461,432,-2.9650,1.5270,-7.5382,0.0962,0.0042,5.9354,0.0345,0.0101,0.0468,-2.9685,1.5269,-7.5625,0.1063,0.0106,5.9594,5.9352
46462,20,-2.9545,1.5260,-6.7472,0.0634,0.0078,5.0790,0.0265,0.0150,0.0489,-2.9474,1.5254,-5.7000,0.0600,0.0167,4.9963,5.0788
46463,115,-2.9558,1.5102,-6.5690,0.0933,0.0036,5.9161,0.0352,0.0107,0.0463,-2.9552,1.5098,-6.3100,0.0947,0.0114,5.9603,5.9159
46532,377,-2.9819,1.4816,-6.8618,0.1426,0.0048,8.7478,0.0393,0.0102,0.0480,-2.9758,1.4814,-6.7785,0.1424,0.0106,8.7852,8.7477
46533,480,-2.9879,1.4783,-6.5724,0.1571,0.0042,8.0567,0.0403,0.0102,0.0545,-2.9838,1.4783,-6.4804,0.1605,0.0108,8.1207,8.0565
46534,56,-2.9388,1.4842,-7.5707,0.1190,0.0038,9.1223,0.0374,0.0123,0.0516,-2.9283,1.4839,-8.0400,0.1246,0.0131,9.6464,9.1222
46535,774,-2.9277,1.5177,-6.8238,0.1258,0.0183,7.8802,0.0370,0.0100,0.0494,-2.9234,1.5176,-6.7165,0.1313,0.0106,7.8346,7.8800
46537,1085,-2.9352,1.5529,-6.6690,0.1187,0.0054,7.2008,0.0367,0.0100,0.0475,-2.9332,1.5529,-6.6740,0.1183,0.0106,7.4225,7.2006
46539,691,-2.9454,1.5350,-6.7720,0.1131,0.0052,6.8830,0.0362,0.0101,0.0471,-2.9476,1.5350,-6.7124,0.1103,0.0106,7.0221,6.8828
46540,1165,-2.9448,1.5025,-6.7365,0.1147,0.0150,6.8229,0.0357,0.0101,0.0474,-2.9450,1.5024,-6.7843,0.1213,0.0106,6.5006,6.8228
46543,1116,-2.9509,1.4703,-7.2312,0.1129,0.0047,6.4026,0.0355,0.0102,0.0480,-2.9512,1.4702,-7.2927,0.1123,0.0106,6.3859,6.4024
46545,769,-2.9371,1.4708,-6.8989,0.1075,0.0040,6.4425,0.0344,0.0102,0.0456,-2.9384,1.4707,-6.9317,0.1184,0.0107,6.3427,6.4424
46547,461,-2.9251,1.4732,-5.8237,0.1007,0.0033,6.0794,0.0364,0.0106,0.0537,-2.9298,1.4730,-5.8021,0.1035,0.0109,5.8793,6.0792
46548,1187,-2.9292,1.4701,-3.8189,0.1026,0.0044,6.3353,0.0353,0.0102,0.0484,-2.9308,1.4699,-3.7236,0.1024,0.0107,6.3617,6.3351
46556,14,-2.9745,1.4792,-3.0034,0.0927,0.0076,6.1810,0.0360,0.0145,0.0339,-2.9714,1.4787,-3.0100,0.1045,0.0166,6.6206,6.1809
46573,225,-2.9706,1.4605,-7.3396,0.1525,0.0031,8.5563,0.0369,0.0103,0.0500,-2.9737,1.4607,-7.1900,0.1525,0.0108,8.7923,8.5562
46574,54,-2.9559,1.5008,-6.8798,0.1311,0.0039,8.4466,0.0350,0.0130,0.0677,-2.9483,1.5012,-6.3400,0.1389,0.0138,8.7447,8.4463
46575,506,-2.9206,1.4993,-6.7549,0.1551,0.0036,6.4147,0.0402,0.0103,0.0500,-2.9142,1.4992,-6.8410,0.1552,0.0107,6.8924,6.4145
46576,19,-2.8859,1.4915,-7.7032,0.1634,0.0061,6.2035,0.0514,0.0167,0.0592,-2.8899,1.4911,-7.3900,0.1784,0.0185,6.8531,6.2032
46582,17,-2.9592,1.5081,1.3823,0.1597,0.0063,6.2265,0.0490,0.0158,0.0495,-2.9467,1.5105,0.8100,0.1775,0.0179,6.0232,6.2263
46587,300,-2.9440,1.4903,-3.6139,0.1620,0.0032,7.9197,0.0390,0.0101,0.0472,-2.9410,1.4902,-3.6200,0.1644,0.0106,8.0771,7.9196
46589,252,-2.9436,1.4932,-3.6683,0.1469,0.0031,7.5918,0.0379,0.0101,0.0480,-2.9355,1.4931,-3.4600,0.1534,0.0107,7.1658,7.5917
46592,231,-2.9822,1.4896,-2.9948,0.1627,0.0028,7.4391,0.0389,0.0104,0.0514,-2.9884,1.4892,-2.7200,0.1595,0.0108,7.6819,7.4390
46593,162,-2.9672,1.4842,-4.6682,0.1436,0.0032,6.7138,0.0389,0.0104,0.0466,-2.9649,1.4841,-4.3300,0.1517,0.0110,6.9938,6.7136
46594,95,-2.9412,1.4899,-5.3347,0.1349,0.0037,6.9078,0.0354,0.0108,0.0491,-2.9492,1.4899,-5.1000,0.1451,0.0115,6.7021,6.9076
46595,1001,-2.9653,1.4786,-5.0460,0.1378,0.0084,6.8811,0.0367,0.0101,0.0477,-2.9671,1.4784,-5.1209,0.1354,0.0106,6.8515,6.8809
46597,238,-2.9900,1.4718,-4.5291,0.1309,0.0028,6.6871,0.0352,0.0101,0.0471,-2.9922,1.4716,-4.5800,0.1334,0.0107,6.7743,6.6869
46601,648,-3.0058,1.4734,-5.2105,0.1296,0.0033,6.6366,0.0366,0.0102,0.0457,-3.0059,1.4735,-5.1221,0.1286,0.0107,6.3915,6.6364
46605,30,-2.9670,1.4660,-4.8702,0.1040,0.0051,7.3680,0.0387,0.0133,0.0505,-2.9700,1.4654,-4.3300,0.1017,0.0144,7.8555,7.3678
46607,262,-2.9956,1.4657,-5.5320,0.1360,0.0029,6.5094,0.0347,0.0101,0.0448,-2.9979,1.4657,-5.6700,0.1394,0.0107,6.6622,6.5093
46609,51,-2.9364,1.4739,-5.5527,0.1156,0.0043,6.0643,0.0399,0.0122,0.0583,-2.9449,1.4733,-5.5300,0.1180,0.0130,6.6439,6.0640
46610,560,-2.9442,1.4675,-5.4233,0.1277,0.0037,6.2771,0.0379,0.0103,0.0468,-2.9425,1.4675,-5.2311,0.1324,0.0107,6.4342,6.2769
46611,254,-2.9255,1.4634,-4.7583,0.1325,0.0032,6.0845,0.0352,0.0107,0.0461,-2.9287,1.4636,-4.9355,0.1345,0.0108,6.1243,6.0843
46613,68,-2.9707,1.4713,-6.4449,0.1394,0.0035,6.2808,0.0391,0.0118,0.0476,-2.9875,1.4707,-6.7000,0.1465,0.0126,6.1317,6.2806
46614,272,-2.9359,1.4667,-4.4582,0.1289,0.0035,5.9549,0.0373,0.0105,0.0488,-2.9384,1.4669,-4.1258,0.1294,0.0107,5.9765,5.9547
46615,216,-2.9498,1.4623,-4.9831,0.1262,0.0033,5.2287,0.0379,0.0101,0.0498,-2.9473,1.4624,-5.2300,0.1274,0.0107,5.2276,5.2285
46641,85,-2.9842,1.4775,-4.0313,0.1451,0.0043,8.6335,0.0396,0.0112,0.0638,-2.9827,1.4773,-3.5800,0.1533,0.0119,7.9321,8.6332
46642,1797,-2.9969,1.4717,-3.2982,0.1227,0.0050,7.9844,0.0368,0.0101,0.0484,-2.9965,1.4717,-3.4641,0.1254,0.0106,8.0827,7.9842
46643,861,-2.9881,1.4685,-2.8194,0.1094,0.0052,7.6696,0.0368,0.0101,0.0477,-2.9875,1.4684,-2.9090,0.1113,0.0105,7.6623,7.6695
46654,37,-3.0313,1.4656,-6.2679,0.1335,0.0032,7.7743,0.0374,0.0128,0.0466,-2.9998,1.4664,-6.1100,0.1357,0.0138,7.6117,7.7741
46656,1963,-2.9706,1.4656,-4.5643,0.1135,0.0050,7.2694,0.0355,0.0101,0.0477,-2.9685,1.4655,-4.6157,0.1163,0.0106,7.3387,7.2692
46662,488,-2.9643,1.4649,-4.6577,0.1083,0.0033,6.8851,0.0362,0.0101,0.0447,-2.9687,1.4648,-4.7984,0.1164,0.0107,6.9326,6.8849
46663,1396,-2.9580,1.4702,-3.9390,0.1048,0.0040,6.8557,0.0351,0.0101,0.0476,-2.9594,1.4703,-3.8574,0.1093,0.0106,6.6559,6.8555
46705,908,-2.9674,1.4773,-3.2150,0.1469,0.0035,8.9656,0.0390,0.0102,0.0505,-2.9687,1.4773,-2.8899,0.1494,0.0107,9.1251,8.9654
46706,1768,-2.9813,1.4741,-3.0493,0.1339,0.0036,7.7147,0.0378,0.0101,0.0479,-2.9819,1.4742,-2.8613,0.1293,0.0106,7.4767,7.7145
46709,1923,-2.9597,1.4721,-3.3200,0.1311,0.0039,7.0402,0.0371,0.0101,0.0486,-2.9607,1.4721,-3.3452,0.1323,0.0106,7.2935,7.0400
46718,1684,-2.9748,1.4740,-2.9631,0.1205,0.0048,6.4063,0.0369,0.0101,0.0476,-2.9750,1.4740,-2.9662,0.1223,0.0106,6.6419,6.4061
46719,716,-2.9700,1.4787,-2.9847,0.1334,0.0046,5.9565,0.0378,0.0101,0.0478,-2.9654,1.4788,-2.8144,0.1293,0.0105,6.4019,5.9563
46729,108,-2.9983,1.4757,-3.3939,0.1482,0.0035,5.9366,0.0408,0.0110,0.0502,-3.0120,1.4757,-3.2400,0.1470,0.0116,6.1654,5.9364
46730,402,-2.9755,1.4800,-2.9611,0.1311,0.0056,5.6385,0.0383,0.0101,0.0468,-2.9803,1.4801,-3.2390,0.1184,0.0107,5.6933,5.6383
46731,128,-2.9796,1.4876,-2.8796,0.0998,0.0032,5.5425,0.0368,0.0108,0.0500,-2.9718,1.4877,-3.4200,0.1077,0.0114,5.5235,5.5422
46733,39,-2.9917,1.4883,-1.9658,0.0961,0.0037,5.2928,0.0401,0.0126,0.0502,-3.0011,1.4888,-1.6300,0.1163,0.0137,5.5705,5.2926
46734,128,-2.9859,1.4899,-1.2078,0.1278,0.0034,5.5314,0.0402,0.0109,0.0646,-2.9859,1.4899,-1.1200,0.1298,0.0114,5.8518,5.5311
46737,226,-2.9827,1.4912,-3.4266,0.1068,0.0030,6.4819,0.0359,0.0100,0.0493,-2.9774,1.4911,-3.4800,0.1114,0.0106,6.4551,6.4817
46738,241,-2.9756,1.4936,-2.3168,0.1085,0.0026,5.9794,0.0351,0.0101,0.0447,-2.9774,1.4939,-1.7300,0.1094,0.0107,5.5255,5.9793
46774,367,-2.9961,1.4914,-4.1590,0.1590,0.0035,8.5721,0.0389,0.0102,0.0515,-3.0057,1.4912,-4.0310,0.1375,0.0107,8.7699,8.5720
46775,51,-2.9929,1.4988,-1.6627,0.1011,0.0053,8.9812,0.0374,0.0111,0.0418,-2.9970,1.4987,-2.0300,0.1055,0.0121,9.4355,8.9811
46778,864,-3.0342,1.4889,-3.5876,0.1471,0.0038,7.6622,0.0394,0.0102,0.0541,-3.0335,1.4889,-3.5279,0.1445,0.0108,7.5606,7.6620
46781,548,-3.0361,1.4848,-3.8135,0.1304,0.0074,7.5705,0.0378,0.0102,0.0504,-3.0398,1.4846,-3.9381,0.1203,0.0105,7.0923,7.5703
46782,261,-3.0379,1.4729,-4.6380,0.1205,0.0032,7.2261,0.0367,0.0100,0.0496,-3.0451,1.4728,-4.8200,0.1203,0.0106,7.4458,7.2259
46783,53,-3.0577,1.4812,-4.3147,0.1171,0.0041,6.0390,0.0364,0.0114,0.0395,-3.0594,1.4809,-4.4700,0.1155,0.0124,6.4108,6.0388
46784,458,-3.0353,1.4769,-5.7082,0.1265,0.0048,7.5916,0.0353,0.0101,0.0471,-3.0334,1.4769,-5.9526,0.1254,0.0107,8.1530,7.5915
46785,405,-3.0324,1.4768,-4.1800,0.1076,0.0039,7.9124,0.0357,0.0102,0.0461,-3.0384,1.4768,-4.3628,0.1114,0.0107,8.6485,7.9122
46856,250,-3.0241,1.4729,1.3670,0.1615,0.0042,11.0108,0.0385,0.0105,0.0505,-3.0184,1.4732,0.9235,0.1636,0.0108,10.8902,11.0107
46864,352,-3.0009,1.5135,-3.5266,0.1585,0.0045,9.3312,0.0416,0.0103,0.0494,-2.9987,1.5133,-3.2753,0.1525,0.0108,9.1386,9.3311
46866,502,-3.0872,1.5433,-5.1383,0.1791,0.0094,7.7669,0.0376,0.0104,0.0466,-3.0899,1.5431,-5.3727,0.1756,0.0109,8.0567,7.7667
46870,173,-3.0711,1.5275,-5.7653,0.1423,0.0037,6.4183,0.0404,0.0103,0.0502,-3.0716,1.5270,-5.7800,0.1476,0.0109,6.7999,6.4181
46871,54,-3.1168,1.5354,-5.2168,0.1467,0.0031,6.5966,0.0435,0.0113,0.0476,-3.1091,1.5357,-5.5900,0.1609,0.0123,6.8802,6.5964
46872,343,-3.0878,1.4878,-5.8422,0.1517,0.0083,6.8732,0.0413,0.0102,0.0477,-3.0901,1.4876,-5.8254,0.1565,0.0107,6.2577,6.8730
46873,107,-3.1443,1.4642,-7.1414,0.1462,0.0034,6.5589,0.0405,0.0112,0.0540,-3.1576,1.4642,-7.4300,0.1399,0.0118,6.2181,6.5587
46874,263,-3.0814,1.4627,-6.5177,0.1274,0.0049,7.2041,0.0360,0.0105,0.0518,-3.0821,1.4630,-6.3784,0.1295,0.0110,7.1992,7.2039
46875,16,-3.0503,1.4660,-6.4343,0.1335,0.0050,5.7731,0.0513,0.0164,0.0477,-3.0556,1.4662,-4.6800,0.1740,0.0186,5.7377,5.7730
46876,433,-3.0667,1.4594,-2.3162,0.1405,0.0036,6.7752,0.0368,0.0101,0.0468,-3.0717,1.4596,-2.4951,0.1384,0.0107,6.7914,6.7751
46877,1093,-3.0644,1.4619,-1.4758,0.1225,0.0037,7.0643,0.0369,0.0101,0.0474,-3.0623,1.4621,-1.5144,0.1214,0.0107,6.9757,7.0641
46883,57,-3.0407,1.4762,-5.8827,0.1284,0.0040,6.1702,0.0383,0.0115,0.0497,-3.0478,1.4773,-5.5800,0.1417,0.0124,6.4464,6.1700
46884,89,-3.0673,1.4714,-10.3034,0.1265,0.0037,6.2122,0.0397,0.0109,0.0503,-3.0615,1.4713,-10.9900,0.1312,0.0117,6.1616,6.2120
46939,286,-3.0063,1.5908,-6.3720,0.1804,0.0036,8.0892,0.0406,0.0105,0.0509,-2.9964,1.5908,-6.3918,0.1708,0.0110,9.0433,8.0891
46951,352,-2.9983,1.5462,-6.4350,0.1604,0.0092,7.1474,0.0399,0.0109,0.0511,-2.9979,1.5462,-6.4280,0.1608,0.0114,7.3086,7.1472
46953,322,-3.0198,1.5151,-6.0995,0.1764,0.0100,7.3966,0.0400,0.0103,0.0502,-3.0154,1.5150,-6.1813,0.1726,0.0109,7.1735,7.3965
46954,32,-3.0929,1.4773,-7.7960,0.1698,0.0057,10.3506,0.0476,0.0130,0.0614,-3.0865,1.4762,-7.1400,0.1766,0.0142,10.9951,10.3505
46956,114,-3.1109,1.4752,-6.7118,0.1290,0.0045,7.6906,0.0381,0.0104,0.0457,-3.1095,1.4755,-5.7500,0.1298,0.0113,7.7076,7.6904
46978,152,-3.0632,1.4955,-6.6311,0.1220,0.0031,8.1168,0.0352,0.0105,0.0443,-3.0630,1.4954,-6.5900,0.1266,0.0111,8.2764,8.1167
46979,31,-3.0553,1.4993,-5.9877,0.1184,0.0054,6.6022,0.0320,0.0131,0.0460,-3.0750,1.4991,-6.2800,0.1003,0.0143,7.0308,6.6020
46982,171,-3.0347,1.5037,-7.3822,0.1180,0.0030,7.5839,0.0364,0.0103,0.0454,-3.0324,1.5036,-7.5500,0.1235,0.0110,7.3442,7.5838
46984,246,-3.0149,1.5021,-6.5892,0.1267,0.0035,7.2228,0.0378,0.0107,0.0494,-3.0212,1.5021,-6.5749,0.1254,0.0108,7.3362,7.2227
46986,134,-3.0571,1.5034,-6.3834,0.1156,0.0040,7.7254,0.0360,0.0103,0.0442,-3.0624,1.5036,-6.2700,0.1126,0.0110,7.8152,7.7253
46990,563,-3.0415,1.4814,-6.8814,0.1188,0.0065,7.0666,0.0377,0.0102,0.0505,-3.0378,1.4812,-6.6339,0.1184,0.0108,7.1485,7.0665
46991,62,-3.0378,1.4734,-6.4234,0.1042,0.0043,6.4102,0.0385,0.0117,0.0513,-3.0395,1.4728,-6.4100,0.1084,0.0125,7.0330,6.4100
46994,388,-3.0331,1.4690,-3.4386,0.1256,0.0044,7.9217,0.0357,0.0102,0.0472,-3.0277,1.4691,-3.1325,0.1214,0.0107,8.3449,7.9215
46998,310,-3.0139,1.4660,-5.6887,0.1157,0.0043,6.6024,0.0348,0.0105,0.0483,-3.0204,1.4657,-5.5462,0.1163,0.0106,6.8358,6.6023
47003,123,-3.0222,1.4643,-6.7309,0.1067,0.0031,6.5621,0.0333,0.0109,0.0457,-3.0240,1.4641,-5.8800,0.1177,0.0115,6.3354,6.5619
47007,144,-2.9918,1.4719,-5.4013,0.1157,0.0032,6.8757,0.0339,0.0104,0.0505,-2.9931,1.4720,-5.3800,0.1186,0.0111,6.6551,6.8755
47009,1453,-3.0445,1.4667,-5.5682,0.1357,0.0052,7.9373,0.0369,0.0102,0.0486,-3.0461,1.4666,-5.5886,0.1356,0.0108,8.1481,7.9372
47011,991,-3.0681,1.4617,-5.7244,0.1453,0.0043,8.0993,0.0390,0.0103,0.0492,-3.0690,1.4617,-5.6123,0.1416,0.0109,8.1793,8.0991
47012,346,-3.0643,1.4659,-5.5929,0.1428,0.0045,9.0846,0.0376,0.0105,0.0489,-3.0643,1.4658,-5.7088,0.1425,0.0109,9.6849,9.0845
47013,11,-3.0478,1.4700,-5.3982,0.1355,0.0059,9.3480,0.0326,0.0186,0.0420,-3.0541,1.4705,-5.8800,0.1383,0.0211,10.7087,9.3479
47014,382,-3.0612,1.4627,-6.3352,0.1405,0.0047,8.4961,0.0380,0.0107,0.0481,-3.0565,1.4627,-5.9460,0.1456,0.0109,8.1729,8.4960
47015,39,-3.0542,1.4559,-5.9734,0.1338,0.0044,7.9475,0.0392,0.0132,0.0458,-3.0480,1.4554,-5.1100,0.1670,0.0142,7.0269,7.9474
47016,425,-3.0514,1.4674,-5.8882,0.1435,0.0041,8.5291,0.0399,0.0105,0.0478,-3.0506,1.4671,-5.8266,0.1457,0.0109,8.6643,8.5290
47028,333,-3.0101,1.5040,-7.1408,0.1720,0.0072,8.8567,0.0409,0.0107,0.0526,-3.0165,1.5039,-7.2212,0.1647,0.0109,8.2855,8.8565
47029,54,-3.0149,1.4956,-6.6779,0.1170,0.0041,8.5874,0.0392,0.0110,0.0495,-3.0149,1.4961,-6.7600,0.1176,0.0121,9.0622,8.5873
47030,229,-3.0011,1.4726,-7.3319,0.1299,0.0035,7.8267,0.0368,0.0106,0.0491,-2.9997,1.4722,-7.5217,0.1295,0.0109,8.1316,7.8266
47031,68,-3.0355,1.4769,-5.2260,0.1264,0.0041,6.4510,0.0339,0.0114,0.0411,-3.0259,1.4768,-5.1400,0.1222,0.0121,6.6599,6.4509
47032,268,-2.9987,1.4679,-7.4692,0.1211,0.0049,7.4979,0.0352,0.0105,0.0451,-2.9951,1.4680,-7.4705,0.1204,0.0107,7.7233,7.4978
47035,126,-2.9892,1.4595,-7.4013,0.1279,0.0031,6.6926,0.0366,0.0106,0.0467,-2.9897,1.4594,-7.7700,0.1277,0.0112,6.5902,6.6925
47042,15,-2.9860,1.4365,-8.4132,0.1468,0.0085,6.4392,0.0370,0.0199,0.0454,-2.9837,1.4340,-7.5600,0.1227,0.0222,8.6311,6.4391
47046,18,-2.9291,1.4793,-5.4329,0.1037,0.0065,7.1111,0.0310,0.0144,0.0418,-2.9303,1.4784,-5.6600,0.1036,0.0162,7.6881,7.1110
47049,106,-2.9549,1.4654,-6.5414,0.1471,0.0036,7.4383,0.0402,0.0110,0.0453,-2.9621,1.4652,-6.6000,0.1591,0.0117,7.7695,7.4382
47050,196,-2.9622,1.4677,-6.6290,0.1531,0.0034,6.8894,0.0367,0.0101,0.0430,-2.9632,1.4677,-6.8900,0.1535,0.0108,6.9849,6.8892
47052,189,-2.9388,1.4715,-5.5271,0.1381,0.0029,6.3839,0.0376,0.0104,0.0459,-2.9354,1.4715,-5.2900,0.1345,0.0109,6.6133,6.3837
47056,299,-2.9808,1.4698,-6.8969,0.1180,0.0041,6.5720,0.0368,0.0103,0.0416,-2.9829,1.4698,-6.5769,0.1264,0.0107,6.8134,6.5719
47057,77,-2.9773,1.4755,-5.0888,0.1448,0.0037,7.7751,0.0344,0.0111,0.0425,-2.9811,1.4757,-4.5500,0.1473,0.0119,7.8259,7.7750
47063,38,-2.9108,1.4445,-6.8029,0.2356,0.0042,6.9766,0.0614,0.0133,0.0637,-2.7814,1.4451,-7.6300,0.8713,0.0144,7.5041,6.9763
47064,227,-2.9877,1.4463,-6.4031,0.1128,0.0033,6.4736,0.0357,0.0102,0.0463,-2.9850,1.4463,-6.0600,0.1104,0.0107,6.4661,6.4734
47068,209,-2.9832,1.4490,-6.7195,0.1008,0.0033,6.0364,0.0326,0.0102,0.0451,-2.9914,1.4489,-6.5000,0.0954,0.0108,5.9977,6.0362
47235,62,-3.0869,1.4822,-6.3237,0.1130,0.0049,6.2033,0.0344,0.0113,0.0435,-3.0790,1.4814,-6.0100,0.1093,0.0121,6.2844,6.2031
47236,400,-3.0905,1.4718,-5.9975,0.1147,0.0040,5.5703,0.0356,0.0104,0.0493,-3.0916,1.4717,-5.8611,0.1134,0.0108,6.0318,5.5701
47237,39,-3.0733,1.4655,-6.3921,0.0578,0.0041,4.8089,0.0348,0.0117,0.0478,-3.0706,1.4658,-6.6200,0.0707,0.0129,5.0535,4.8087
47266,98,-3.1079,1.4634,-6.9727,0.0975,0.0035,4.9934,0.0347,0.0111,0.0499,-3.1093,1.4627,-7.5700,0.1009,0.0118,4.8127,4.9931
47268,393,-3.1090,1.4700,-6.6311,0.0992,0.0039,5.8373,0.0347,0.0101,0.0476,-3.1105,1.4698,-6.4336,0.0984,0.0107,5.7997,5.8371
47329,290,-3.0740,1.4751,-6.4059,0.1386,0.0057,8.1867,0.0376,0.0104,0.0471,-3.0732,1.4748,-6.7120,0.1474,0.0107,8.2411,8.1866
47332,188,-3.0543,1.4720,-6.8641,0.1194,0.0032,8.0287,0.0372,0.0101,0.0478,-3.0581,1.4718,-7.3000,0.1205,0.0108,8.1213,8.0285
47334,900,-3.0640,1.4726,-6.7466,0.1270,0.0037,7.5792,0.0368,0.0102,0.0481,-3.0643,1.4727,-6.7854,0.1294,0.0107,7.7316,7.5790
47341,2812,-3.0797,1.4738,-6.9018,0.1252,0.0042,7.0786,0.0370,0.0101,0.0474,-3.0795,1.4738,-6.8449,0.1274,0.0106,6.7800,7.0785
47342,1857,-3.0635,1.4688,-6.7521,0.1075,0.0042,6.6231,0.0359,0.0101,0.0479,-3.0662,1.4687,-6.6423,0.1023,0.0106,6.4118,6.6229
47344,443,-3.1472,1.4623,-6.2255,0.1089,0.0036,5.8114,0.0352,0.0101,0.0489,-3.1467,1.4623,-6.1445,0.1064,0.0107,6.0819,5.8112
47346,58,-3.1703,1.4727,-7.3598,0.1160,0.0040,5.4060,0.0316,0.0115,0.0387,-3.1681,1.4728,-7.3500,0.1224,0.0124,5.6650,5.4058
47348,41,-3.1271,1.4830,-8.2955,0.1168,0.0044,5.8677,0.0355,0.0119,0.0424,-3.1376,1.4841,-8.3500,0.1180,0.0129,6.0782,5.8675
47382,100,-3.0156,1.4842,-7.3905,0.1763,0.0036,10.3480,0.0434,0.0111,0.0506,-3.0221,1.4842,-7.0500,0.1682,0.0118,10.5800,10.3479
47383,802,-3.0126,1.4729,-6.3469,0.1411,0.0047,7.8418,0.0378,0.0103,0.0480,-3.0162,1.4729,-6.4683,0.1385,0.0108,8.1270,7.8417
47385,395,-3.0082,1.4725,-6.3269,0.1278,0.0065,7.0813,0.0373,0.0102,0.0485,-3.0081,1.4725,-6.1098,0.1425,0.0108,6.7742,7.0812
47391,1821,-3.0061,1.4772,-6.0538,0.1369,0.0054,7.2015,0.0372,0.0101,0.0480,-3.0086,1.4772,-5.9800,0.1304,0.0107,7.0358,7.2014
47392,203,-3.0758,1.4816,-6.0537,0.1606,0.0029,7.1212,0.0376,0.0103,0.0465,-3.0746,1.4815,-5.8800,0.1566,0.0108,7.1908,7.1211
47394,739,-3.0715,1.4807,-6.2452,0.1394,0.0068,6.9189,0.0379,0.0103,0.0483,-3.0671,1.4806,-6.1722,0.1425,0.0107,6.9759,6.9188
47395,303,-3.0810,1.4879,-6.2708,0.1228,0.0039,7.0164,0.0395,0.0103,0.0555,-3.0819,1.4877,-6.2504,0.1314,0.0106,6.7980,7.0161
47397,564,-3.0664,1.4848,-6.8571,0.1155,0.0033,7.2328,0.0362,0.0101,0.0486,-3.0648,1.4847,-6.6813,0.1154,0.0106,7.2692,7.2326
47398,657,-3.0656,1.4791,-6.5771,0.1223,0.0031,6.5278,0.0364,0.0101,0.0482,-3.0658,1.4790,-6.4092,0.1264,0.0107,6.6027,6.5276
47399,18,-3.0068,1.4867,-7.2037,0.0995,0.0068,6.4161,0.0387,0.0150,0.0391,-3.0081,1.4894,-6.5800,0.1077,0.0171,6.9753,6.4160
47400,374,-3.0529,1.4803,-6.4482,0.1173,0.0037,6.3060,0.0365,0.0102,0.0468,-3.0523,1.4799,-6.3959,0.1304,0.0106,6.3899,6.3058
47630,342,-3.0170,1.4209,-7.2908,0.1190,0.0039,8.1182,0.0382,0.0108,0.0526,-3.0147,1.4212,-6.8524,0.1316,0.0110,8.7444,8.1181
47631,84,-2.9963,1.4237,-6.1725,0.1040,0.0034,6.1297,0.0341,0.0111,0.0521,-2.9968,1.4244,-6.6800,0.1059,0.0118,5.9146,6.1294
47632,40,-2.9629,1.4132,-7.4955,0.1175,0.0062,5.1785,0.0347,0.0121,0.0340,-2.9640,1.4130,-6.9100,0.1190,0.0133,4.5299,5.1784
47636,137,-3.0322,1.4270,-7.4522,0.1345,0.0030,7.5023,0.0362,0.0105,0.0455,-3.0371,1.4272,-7.4500,0.1327,0.0111,7.4819,7.5022
47637,84,-3.0219,1.4272,-6.8623,0.1365,0.0041,6.1610,0.0404,0.0111,0.0483,-3.0266,1.4275,-6.7600,0.1473,0.0119,6.3600,6.1608
47638,94,-3.0280,1.4362,-7.0018,0.1393,0.0032,7.0342,0.0373,0.0114,0.0543,-3.0315,1.4358,-6.6500,0.1452,0.0120,6.9025,7.0340
47639,121,-2.9919,1.4430,-6.4957,0.1091,0.0033,7.0559,0.0345,0.0108,0.0496,-2.9958,1.4427,-6.8800,0.1077,0.0114,6.9324,7.0558
47640,36,-2.9802,1.4540,-6.4460,0.1230,0.0044,7.7810,0.0377,0.0125,0.0403,-2.9730,1.4550,-6.2400,0.1354,0.0135,8.1566,7.7809
47642,34,-3.0025,1.4428,-8.0215,0.1125,0.0047,8.0657,0.0360,0.0134,0.0475,-2.9920,1.4405,-8.5700,0.1300,0.0146,8.5929,8.0655
47644,2060,-2.9881,1.4653,-6.5912,0.1129,0.0070,6.9696,0.0360,0.0101,0.0472,-2.9892,1.4653,-6.6660,0.1124,0.0106,7.1028,6.9694
47645,28,-2.9426,1.4729,-5.3281,0.0776,0.0071,7.1427,0.0376,0.0146,0.0628,-2.9228,1.4731,-5.7800,0.0865,0.0162,7.1127,7.1424
47647,1165,-2.9885,1.4645,-5.1104,0.1097,0.0058,7.4875,0.0361,0.0101,0.0500,-2.9878,1.4644,-5.0114,0.1124,0.0107,7.1595,7.4873
47692,112,-2.9913,1.4653,-6.8433,0.1445,0.0035,8.8388,0.0395,0.0109,0.0464,-2.9887,1.4656,-7.0600,0.1479,0.0115,8.7942,8.8387
47693,181,-2.9642,1.4604,-5.5205,0.1268,0.0036,9.3097,0.0391,0.0106,0.0554,-2.9615,1.4597,-5.9000,0.1226,0.0111,9.2717,9.3096
47700,283,-2.9414,1.4600,-6.7318,0.1446,0.0041,9.2994,0.0363,0.0104,0.0466,-2.9448,1.4600,-6.8659,0.1354,0.0107,9.6282,9.2993
47701,286,-2.9361,1.4577,-7.1876,0.1470,0.0036,8.6881,0.0405,0.0106,0.0514,-2.9396,1.4572,-7.0052,0.1567,0.0112,8.7879,8.6880
47703,47,-2.9968,1.4626,-5.6193,0.1255,0.0055,6.6037,0.0429,0.0115,0.0478,-3.0074,1.4624,-5.2600,0.1413,0.0126,6.8147,6.6035
47706,21,-3.0186,1.4589,-7.0620,0.0402,0.0080,4.9053,0.0240,0.0145,0.0430,-3.0075,1.4581,-7.2300,0.0413,0.0164,6.0179,4.9051
47707,24,-2.9646,1.4517,-5.7249,0.1456,0.0052,9.1693,0.0330,0.0156,0.0441,-2.9375,1.4518,-5.6200,0.1410,0.0170,10.3111,9.1692
47708,83,-2.9551,1.4645,-5.1207,0.1521,0.0043,7.9166,0.0333,0.0113,0.0522,-2.9635,1.4642,-4.7600,0.1522,0.0120,7.9577,7.9164
47712,29,-2.9712,1.4502,-5.5078,0.1198,0.0068,8.2568,0.0456,0.0163,0.0543,-2.9395,1.4495,-6.4600,0.1499,0.0176,7.5784,8.2566
47715,121,-2.9557,1.4639,-5.4135,0.1104,0.0032,7.7692,0.0400,0.0107,0.0549,-2.9623,1.4636,-5.2500,0.1198,0.0114,7.6529,7.7690
47716,150,-2.9579,1.4587,-6.7071,0.1376,0.0032,7.4225,0.0357,0.0104,0.0505,-2.9614,1.4586,-6.8800,0.1326,0.0110,7.4651,7.4224
47718,112,-2.9668,1.4594,-6.0918,0.1423,0.0037,7.4704,0.0393,0.0106,0.0456,-2.9601,1.4595,-6.5600,0.1409,0.0113,7.7345,7.4703
47719,140,-2.9498,1.4603,-7.0652,0.1635,0.0033,8.9515,0.0433,0.0104,0.0517,-2.9562,1.4606,-6.8200,0.1578,0.0111,9.3875,8.9514
47732,14,-2.9474,1.4734,-2.0916,0.1550,0.0091,6.7534,0.0387,0.0157,0.0416,-2.9715,1.4714,-2.5100,0.1771,0.0179,7.8143,6.7533
47738,232,-2.9622,1.4760,-6.9420,0.1480,0.0045,7.5050,0.0383,0.0107,0.0442,-2.9707,1.4759,-6.8259,0.1517,0.0111,7.8267,7.5049
47739,85,-2.9230,1.4934,-7.1982,0.1160,0.0041,6.0039,0.0357,0.0109,0.0436,-2.9268,1.4941,-7.5200,0.1200,0.0117,6.0847,6.0037
47741,22,-2.8853,1.4843,-7.5622,0.1406,0.0082,5.5909,0.0405,0.0149,0.0375,-2.8871,1.4829,-7.0900,0.1283,0.0168,5.2744,5.5907
47747,196,-3.0048,1.4858,-6.4344,0.1461,0.0040,8.2643,0.0367,0.0108,0.0446,-2.9998,1.4861,-6.9510,0.1546,0.0109,8.4112,8.2641
47748,748,-2.9772,1.4854,-7.0673,0.1314,0.0039,8.5146,0.0382,0.0104,0.0500,-2.9787,1.4853,-6.7594,0.1350,0.0110,8.4724,8.5145
47749,845,-2.9908,1.4842,-7.7475,0.1232,0.0043,8.1796,0.0368,0.0101,0.0504,-2.9922,1.4842,-7.8339,0.1284,0.0107,8.4964,8.1794
47750,45,-2.9515,1.4810,-8.6096,0.1162,0.0049,8.0328,0.0344,0.0123,0.0462,-2.9595,1.4810,-7.0600,0.1118,0.0132,7.1238,8.0327
47754,429,-3.0332,1.4801,-6.9774,0.1585,0.0049,9.1899,0.0404,0.0105,0.0504,-3.0318,1.4801,-6.5820,0.1546,0.0110,8.9277,9.1898
47756,170,-2.9845,1.4843,-7.4933,0.1426,0.0033,8.3595,0.0359,0.0105,0.0451,-2.9766,1.4840,-7.4000,0.1446,0.0110,8.2489,8.3594
47759,33,-3.0207,1.4662,-9.4813,0.1168,0.0039,7.8519,0.0345,0.0139,0.0511,-3.0271,1.4665,-11.3400,0.1187,0.0149,8.0644,7.8517
47761,27,-3.0013,1.4926,-8.1151,0.1568,0.0056,8.1463,0.0401,0.0129,0.0551,-2.9938,1.4929,-8.8100,0.1476,0.0142,8.7174,8.1461
47768,291,-3.0080,1.4809,-7.0209,0.1600,0.0042,7.5760,0.0417,0.0104,0.0510,-3.0135,1.4810,-6.7956,0.1605,0.0108,7.3738,7.5758
47769,81,-3.0161,1.4822,-7.6451,0.1943,0.0035,9.3012,0.0414,0.0120,0.0501,-3.0282,1.4820,-7.1200,0.1866,0.0126,10.0186,9.3010
47771,257,-2.9852,1.4873,-6.9861,0.1578,0.0044,8.0338,0.0382,0.0106,0.0473,-2.9909,1.4877,-7.0803,0.1485,0.0107,8.4473,8.0337
47772,1074,-2.9907,1.4866,-6.9753,0.1324,0.0041,7.4839,0.0375,0.0103,0.0489,-2.9864,1.4865,-6.8102,0.1274,0.0108,7.4281,7.4837
47773,341,-2.9838,1.4806,-7.8427,0.1299,0.0035,7.6555,0.0354,0.0103,0.0453,-2.9795,1.4804,-7.5645,0.1204,0.0108,7.5084,7.6554
47774,220,-2.9379,1.4862,-7.7603,0.1123,0.0035,6.8629,0.0339,0.0108,0.0494,-2.9326,1.4864,-7.8702,0.1025,0.0109,6.9995,6.8627
47776,15,-2.9855,1.4634,-7.2315,0.1090,0.0156,5.4287,0.0399,0.0233,0.0621,-2.9761,1.4637,-5.8400,0.1127,0.0259,5.7604,5.4283
47781,124,-2.9089,1.4868,-6.4290,0.1017,0.0031,5.0476,0.0382,0.0103,0.0482,-2.9037,1.4868,-6.5600,0.1037,0.0111,5.3026,5.0474
47782,329,-2.9567,1.4920,-7.3871,0.1345,0.0034,5.8118,0.0388,0.0103,0.0522,-2.9544,1.4919,-7.3001,0.1314,0.0107,5.8568,5.8115
47783,746,-2.9562,1.4655,-7.0136,0.1309,0.0049,5.9256,0.0376,0.0103,0.0468,-2.9601,1.4656,-7.1152,0.1244,0.0107,6.1737,5.9254
47785,179,-2.9542,1.4615,-6.5719,0.1379,0.0031,5.6821,0.0379,0.0103,0.0508,-2.9491,1.4613,-6.3600,0.1416,0.0109,5.5900,5.6819
47786,210,-2.9442,1.4666,-6.6466,0.1281,0.0025,5.7852,0.0361,0.0102,0.0539,-2.9475,1.4666,-6.3000,0.1325,0.0108,6.0254,5.7850
47787,1696,-2.9400,1.4480,-6.8539,0.1274,0.0091,6.1362,0.0373,0.0101,0.0481,-2.9413,1.4480,-6.8055,0.1324,0.0107,6.0725,6.1360
47790,1712,-2.9282,1.4679,-6.3855,0.1030,0.0038,6.0283,0.0362,0.0101,0.0481,-2.9266,1.4680,-6.2620,0.1084,0.0107,6.0413,6.0281
47809,543,-3.0151,1.4515,-6.5322,0.1505,0.0043,8.9749,0.0389,0.0103,0.0473,-3.0165,1.4516,-6.2712,0.1486,0.0108,9.3264,8.9748
47810,1167,-3.0088,1.4642,-6.8311,0.1377,0.0081,8.1626,0.0376,0.0102,0.0472,-3.0118,1.4643,-6.8840,0.1374,0.0107,7.9794,8.1624
47811,95,-2.9981,1.4583,-6.7409,0.1038,0.0044,7.8179,0.0403,0.0111,0.0587,-3.0030,1.4578,-7.0000,0.1130,0.0118,7.8478,7.8177
47812,2255,-2.9567,1.4922,-6.8208,0.1239,0.0314,7.2861,0.0362,0.0101,0.0477,-2.9573,1.4922,-6.9308,0.1154,0.0107,7.1709,7.2859
47813,217,-2.9016,1.5472,-6.6654,0.1125,0.0030,6.9069,0.0353,0.0101,0.0459,-2.9019,1.5472,-6.4100,0.1174,0.0107,6.9472,6.9068
47814,3002,-2.9515,1.4730,-6.5808,0.1127,0.0313,6.5881,0.0361,0.0101,0.0486,-2.9513,1.4730,-6.6055,0.1124,0.0107,6.6117,6.5879
47817,1589,-3.0729,1.4360,-6.0263,0.0998,0.0065,6.1498,0.0348,0.0100,0.0453,-3.0708,1.4360,-5.8608,0.1053,0.0106,6.1676,6.1497
47818,234,-3.0724,1.4341,-6.2951,0.0883,0.0030,5.9735,0.0325,0.0102,0.0461,-3.0783,1.4340,-6.3600,0.0873,0.0107,6.1248,5.9733
47820,839,-3.0277,1.4197,-6.0007,0.0930,0.0110,5.8360,0.0345,0.0101,0.0464,-3.0272,1.4197,-6.1064,0.1003,0.0105,5.8930,5.8358
47845,32,-3.0511,1.5193,-5.4601,0.1966,0.0039,9.7551,0.0376,0.0128,0.0483,-3.0494,1.5190,-5.8800,0.1928,0.0140,10.5994,9.7549
47846,78,-2.9982,1.5177,-5.5769,0.1694,0.0042,7.7652,0.0433,0.0108,0.0490,-3.0214,1.5171,-5.4900,0.1686,0.0116,8.0871,7.7650
47847,103,-2.9554,1.4999,-6.5555,0.1643,0.0042,9.3978,0.0369,0.0114,0.0499,-2.9506,1.5002,-6.5600,0.1641,0.0119,9.4993,9.3977
47848,547,-2.9379,1.5164,-5.6854,0.1397,0.0052,8.3935,0.0386,0.0104,0.0482,-2.9387,1.5160,-5.4924,0.1325,0.0109,8.3283,8.3934
47850,78,-2.9180,1.5260,-4.9012,0.1156,0.0040,8.9932,0.0395,0.0116,0.0544,-2.9077,1.5256,-4.1800,0.1236,0.0124,8.6723,8.9930
47851,1412,-2.9441,1.5269,-5.8546,0.1083,0.0068,7.5412,0.0367,0.0101,0.0498,-2.9486,1.5268,-5.8807,0.1104,0.0107,7.3747,7.5411
47852,736,-2.9459,1.5075,-6.1666,0.1051,0.0049,7.0298,0.0359,0.0101,0.0522,-2.9467,1.5075,-6.2107,0.1034,0.0107,7.0627,7.0296
47853,260,-2.9465,1.5015,-5.9312,0.1047,0.0033,6.8864,0.0366,0.0101,0.0470,-2.9431,1.5015,-6.1500,0.1043,0.0106,6.8475,6.8862
47854,1327,-2.9596,1.5041,-6.3984,0.1027,0.0034,6.8999,0.0362,0.0101,0.0469,-2.9592,1.5041,-6.2762,0.1074,0.0106,6.9171,6.8998
47855,4597,-2.9600,1.4974,-5.9972,0.1018,0.0061,6.3206,0.0354,0.0101,0.0477,-2.9612,1.4973,-5.9758,0.1033,0.0106,6.1866,6.3204
47859,571,-2.9042,1.4890,-5.8865,0.0983,0.0040,5.6521,0.0353,0.0101,0.0458,-2.9070,1.4892,-5.8770,0.1044,0.0106,5.6475,5.6519
47872,181,-2.8703,1.4561,-6.6765,0.2210,0.0052,8.5815,0.0416,0.0109,0.0516,-2.8661,1.4557,-6.9258,0.2179,0.0110,8.8088,8.5813
47874,970,-2.8755,1.4031,-6.8766,0.1554,0.0107,8.1585,0.0386,0.0102,0.0495,-2.8749,1.4032,-6.9444,0.1474,0.0106,8.2723,8.1583
47875,10,-2.8205,1.4006,-6.4515,0.0738,0.0125,6.1231,0.0360,0.0165,0.0393,-2.8297,1.4039,-7.3400,0.0858,0.0200,6.5152,6.1229
47876,835,-2.8531,1.3974,-6.6706,0.1446,0.0059,8.3996,0.0374,0.0102,0.0457,-2.8480,1.3974,-6.5446,0.1444,0.0106,8.5234,8.3995
47877,262,-2.8554,1.4019,-7.5973,0.1296,0.0038,7.3719,0.0393,0.0107,0.0484,-2.8569,1.4018,-7.3617,0.1334,0.0107,7.6508,7.3718
47878,157,-2.8415,1.4027,-6.0442,0.1186,0.0032,7.9911,0.0357,0.0102,0.0416,-2.8414,1.4026,-5.9000,0.1166,0.0109,8.1332,7.9910
47879,1172,-2.8502,1.3917,-4.9158,0.1234,0.0052,7.6069,0.0353,0.0101,0.0466,-2.8517,1.3917,-5.1054,0.1153,0.0106,7.9148,7.6067
47880,287,-2.8660,1.3848,-6.7373,0.1090,0.0029,7.4643,0.0338,0.0100,0.0460,-2.8640,1.3848,-6.8800,0.1143,0.0106,7.4954,7.4642
47882,229,-2.8545,1.3798,-7.0721,0.1159,0.0035,7.5987,0.0372,0.0101,0.0475,-2.8612,1.3798,-7.3400,0.1114,0.0107,7.5481,7.5986
47893,66,-2.8502,1.3640,-7.3100,0.0980,0.0050,7.2561,0.0330,0.0112,0.0415,-2.8517,1.3640,-7.3300,0.1011,0.0120,7.7623,7.2559
47894,512,-2.8495,1.3701,-6.3598,0.1122,0.0038,7.0404,0.0371,0.0100,0.0494,-2.8473,1.3698,-6.1508,0.1103,0.0105,6.9646,7.0403
47895,982,-2.8548,1.3723,-6.3492,0.1561,0.0040,6.5275,0.0381,0.0102,0.0488,-2.8494,1.3722,-6.2923,0.1415,0.0107,6.3811,6.5273
47896,636,-2.8556,1.3838,-5.9374,0.1196,0.0056,6.1567,0.0372,0.0102,0.0491,-2.8614,1.3836,-5.7980,0.1274,0.0107,6.5053,6.1565
47897,1914,-2.8562,1.3827,-5.9490,0.1187,0.0051,6.2434,0.0358,0.0102,0.0481,-2.8565,1.3827,-6.0043,0.1174,0.0107,6.1059,6.2432
47898,1630,-2.8473,1.3927,-6.0529,0.1043,0.0115,6.2394,0.0359,0.0101,0.0491,-2.8464,1.3926,-5.9853,0.1043,0.0107,5.9721,6.2392
47899,393,-2.8336,1.3951,-6.4747,0.0918,0.0035,6.3541,0.0356,0.0102,0.0464,-2.8324,1.3948,-6.6174,0.0983,0.0106,6.3153,6.3540
47900,100,-2.8396,1.3925,-5.2784,0.0867,0.0032,6.0798,0.0351,0.0113,0.0491,-2.8325,1.3925,-5.4100,0.0877,0.0119,6.3906,6.0796
47921,103,-2.8591,1.4322,-5.7675,0.1499,0.0041,8.8850,0.0392,0.0106,0.0444,-2.8691,1.4322,-5.0900,0.1461,0.0114,9.2602,8.8849
47923,565,-3.1048,1.4220,-6.7851,0.1388,0.0037,8.2346,0.0380,0.0106,0.0493,-3.1081,1.4219,-6.5270,0.1386,0.0110,8.4826,8.2344
47926,3964,-2.9162,1.4109,-6.8416,0.1399,0.0073,7.0918,0.0364,0.0100,0.0474,-2.9141,1.4109,-6.7254,0.1163,0.0106,7.0118,7.0917
47927,1920,-2.8575,1.4042,-6.4399,0.1289,0.0034,6.3310,0.0375,0.0101,0.0482,-2.8574,1.4041,-6.3183,0.1373,0.0106,6.4943,6.3308
47928,245,-2.8621,1.3965,-6.6997,0.1285,0.0028,6.0212,0.0342,0.0101,0.0464,-2.8619,1.3964,-6.5700,0.1314,0.0106,5.9980,6.0210
47929,818,-2.8666,1.3972,-6.4363,0.1158,0.0034,5.9170,0.0373,0.0102,0.0488,-2.8641,1.3971,-6.4006,0.1133,0.0106,6.0995,5.9168
47930,59,-2.9280,1.3904,-6.4048,0.1101,0.0036,6.0257,0.0363,0.0120,0.0585,-2.9277,1.3902,-5.7700,0.1084,0.0128,5.9209,6.0254
47931,988,-2.8784,1.3992,-6.8698,0.1017,0.0044,5.7804,0.0350,0.0100,0.0473,-2.8789,1.3991,-6.8977,0.1003,0.0105,6.0276,5.7802
47934,345,-2.8610,1.4009,-6.2594,0.1252,0.0035,6.1304,0.0353,0.0102,0.0422,-2.8586,1.4009,-6.4335,0.1344,0.0106,6.3722,6.1303
47938,542,-2.8778,1.3949,-6.9079,0.1112,0.0048,5.5689,0.0342,0.0103,0.0458,-2.8760,1.3950,-6.9512,0.1094,0.0107,5.7139,5.5687
47960,129,-2.9262,1.4617,-7.3747,0.1590,0.0042,8.1697,0.0399,0.0104,0.0525,-2.9226,1.4617,-7.2300,0.1578,0.0110,8.3096,8.1695
47961,1245,-2.9082,1.4665,-6.1184,0.1574,0.0083,9.3450,0.0386,0.0102,0.0487,-2.9121,1.4665,-6.0533,0.1545,0.0108,9.2209,9.3449
47962,397,-2.9515,1.4193,-4.3178,0.1390,0.0145,9.0891,0.0384,0.0101,0.0441,-2.9489,1.4196,-4.0959,0.1374,0.0106,9.0576,9.0890
47963,4317,-2.8671,1.4064,-6.5657,0.1233,0.0071,7.0253,0.0363,0.0100,0.0473,-2.8659,1.4063,-6.6118,0.1183,0.0106,6.9057,7.0251
47964,4162,-2.8866,1.3971,-6.4929,0.1089,0.0070,5.9404,0.0355,0.0101,0.0482,-2.8857,1.3971,-6.4453,0.1123,0.0106,5.9561,5.9402
47965,369,-2.9128,1.4009,-6.1113,0.1054,0.0033,5.7754,0.0362,0.0102,0.0458,-2.9121,1.4008,-6.4429,0.1114,0.0106,6.0879,5.7752
47983,14,-2.9927,1.4042,-4.6569,0.1342,0.0066,8.2516,0.0349,0.0152,0.0374,-3.0023,1.4017,-5.5900,0.1531,0.0174,8.7827,8.2515
47986,123,-2.9437,1.4188,-3.7451,0.1738,0.0034,9.0727,0.0400,0.0105,0.0508,-2.9444,1.4189,-3.4500,0.1749,0.0112,9.1733,9.0726
47987,412,-2.9243,1.4217,-5.0729,0.1579,0.0079,8.2356,0.0382,0.0106,0.0506,-2.9205,1.4219,-5.5860,0.1576,0.0110,8.1827,8.2354
47989,493,-2.8816,1.4378,-5.3963,0.1536,0.0088,9.0456,0.0393,0.0103,0.0476,-2.8854,1.4380,-5.3105,0.1565,0.0109,8.9766,9.0455
47990,271,-2.8780,1.4670,-5.5461,0.1416,0.0051,7.8542,0.0379,0.0103,0.0462,-2.8799,1.4668,-4.9755,0.1354,0.0107,7.9193,7.8540
47991,431,-2.8518,1.4653,-4.3918,0.1439,0.0033,8.0420,0.0381,0.0101,0.0491,-2.8460,1.4651,-4.4141,0.1375,0.0107,7.9968,8.0418
48064,265,-2.9262,1.4857,-1.0200,0.1634,0.0033,10.3177,0.0393,0.0106,0.0495,-2.9239,1.4855,-1.3538,0.1595,0.0108,10.3387,10.3175
48066,427,-2.9662,1.4901,-6.1215,0.1306,0.0034,7.9067,0.0382,0.0102,0.0521,-2.9616,1.4901,-5.8827,0.1424,0.0108,8.2459,7.9065
48067,71,-2.9360,1.4878,-5.4123,0.1019,0.0040,6.3312,0.0364,0.0114,0.0481,-2.9393,1.4878,-5.3400,0.1062,0.0122,6.6082,6.3310
48068,333,-2.9547,1.4901,-6.5431,0.1097,0.0033,7.0523,0.0355,0.0105,0.0479,-2.9521,1.4900,-6.6192,0.1123,0.0105,6.9020,7.0522
48362,13,-3.0795,1.5146,-2.6271,0.1217,0.0050,6.5933,0.0403,0.0159,0.0417,-3.0869,1.5198,-3.9800,0.1503,0.0181,5.7300,6.5931
48364,334,-3.0254,1.5248,-4.8994,0.1317,0.0033,9.0587,0.0354,0.0102,0.0439,-3.0209,1.5249,-4.8171,0.1214,0.0107,8.5458,9.0586
48367,409,-2.9959,1.5203,-5.7129,0.1293,0.0039,8.2763,0.0387,0.0102,0.0467,-2.9964,1.5204,-6.0719,0.1354,0.0107,8.6612,8.2761
48368,127,-2.9932,1.5255,-5.6233,0.1214,0.0030,8.1048,0.0327,0.0108,0.0466,-2.9919,1.5257,-5.3900,0.1257,0.0114,8.2469,8.1047
48370,87,-3.0150,1.5110,-3.2814,0.1118,0.0030,8.9509,0.0327,0.0112,0.0474,-3.0179,1.5112,-3.3600,0.1210,0.0118,9.0460,8.9507
48371,153,-2.9788,1.5140,-5.5772,0.1292,0.0032,8.6269,0.0374,0.0103,0.0451,-2.9852,1.5138,-5.7400,0.1316,0.0109,8.6477,8.6268
48372,465,-2.9973,1.5188,-5.3758,0.1198,0.0030,8.1700,0.0365,0.0102,0.0479,-2.9961,1.5188,-4.9494,0.1324,0.0107,8.1160,8.1698
48373,854,-3.0067,1.5156,-5.5076,0.1200,0.0044,8.1578,0.0366,0.0102,0.0524,-3.0082,1.5156,-5.4714,0.1234,0.0107,8.1594,8.1576
48374,1575,-3.0002,1.5223,-5.2398,0.1036,0.0035,6.3812,0.0348,0.0100,0.0466,-3.0011,1.5223,-5.0898,0.1063,0.0105,6.4573,6.3810
48382,1535,-2.9608,1.5112,-4.4737,0.1137,0.0048,6.7976,0.0366,0.0101,0.0495,-2.9611,1.5113,-4.4199,0.1154,0.0107,6.6735,6.7974
48386,39,-2.9151,1.5170,-6.0733,0.0754,0.0038,6.7140,0.0320,0.0121,0.0436,-2.9189,1.5180,-6.6600,0.0856,0.0131,6.8564,6.7139
48387,1328,-2.9495,1.5197,-5.5537,0.0959,0.0045,6.2905,0.0340,0.0101,0.0455,-2.9502,1.5198,-5.5981,0.0983,0.0107,6.1370,6.2903
48388,739,-2.9345,1.5223,-5.7137,0.0961,0.0035,6.1833,0.0344,0.0100,0.0481,-2.9324,1.5222,-5.4801,0.0983,0.0106,6.2226,6.1832
48390,3932,-3.0029,1.5202,-5.8803,0.1081,0.0057,6.6514,0.0360,0.0100,0.0492,-3.0026,1.5202,-5.8810,0.1063,0.0106,6.7836,6.6513
48394,903,-3.0126,1.5163,-5.8264,0.0947,0.0043,5.8282,0.0344,0.0100,0.0468,-3.0147,1.5164,-5.7516,0.0973,0.0105,5.9235,5.8280
48397,631,-3.0056,1.5137,-5.7295,0.0994,0.0039,5.9707,0.0360,0.0101,0.0497,-3.0113,1.5137,-5.5901,0.1046,0.0107,5.5381,5.9705
48407,1256,-2.9306,1.5318,-7.3734,0.1277,0.0054,7.1661,0.0378,0.0102,0.0504,-2.9306,1.5318,-7.3221,0.1274,0.0106,7.2579,7.1659
48409,2732,-2.9596,1.5142,-6.9191,0.1165,0.0047,7.0074,0.0361,0.0101,0.0468,-2.9611,1.5142,-6.8613,0.1174,0.0106,7.0109,7.0073
48410,5049,-2.9243,1.5094,-6.1289,0.0958,0.0041,5.8339,0.0345,0.0100,0.0496,-2.9242,1.5094,-6.1430,0.0983,0.0106,5.7802,5.8337
48416,280,-2.9446,1.5056,-5.7121,0.1053,0.0032,5.6941,0.0353,0.0100,0.0493,-2.9429,1.5056,-5.6300,0.1083,0.0106,5.7080,5.6939
48417,111,-2.9164,1.5085,-5.8962,0.0884,0.0029,5.3694,0.0341,0.0104,0.0440,-2.9136,1.5082,-5.4800,0.0846,0.0111,5.5095,5.3692
48421,93,-2.9262,1.5049,-6.5560,0.0854,0.0039,5.8031,0.0390,0.0110,0.0703,-2.9242,1.5050,-6.4400,0.0959,0.0117,6.2057,5.8027
48423,279,-2.9248,1.5099,-4.0230,0.1050,0.0034,6.2587,0.0354,0.0103,0.0458,-2.9207,1.5102,-3.6276,0.1153,0.0106,6.0050,6.2586
48476,558,-3.0818,1.5110,-6.1669,0.1303,0.0036,7.7843,0.0387,0.0100,0.0477,-3.0850,1.5108,-5.9711,0.1253,0.0106,7.4016,7.7841
48477,521,-3.0608,1.5065,-6.2520,0.1098,0.0048,6.7567,0.0367,0.0100,0.0475,-3.0601,1.5064,-6.3025,0.1193,0.0105,6.9154,6.7566
48479,1949,-3.0655,1.4967,-6.3865,0.1337,0.0062,7.1433,0.0384,0.0100,0.0497,-3.0655,1.4968,-6.3458,0.1303,0.0106,7.3528,7.1432
48480,2571,-3.0494,1.4896,-5.8815,0.1124,0.0039,7.0929,0.0361,0.0100,0.0490,-3.0495,1.4896,-5.9389,0.1153,0.0105,7.0681,7.0928
48481,523,-3.0385,1.4908,-6.6550,0.1143,0.0037,6.9640,0.0362,0.0100,0.0489,-3.0337,1.4910,-6.4763,0.1133,0.0105,7.0048,6.9638
48508,390,-3.0824,1.5005,-6.6124,0.1366,0.0031,9.1805,0.0376,0.0102,0.0485,-3.0811,1.5006,-6.6712,0.1305,0.0108,9.1994,9.1804
48510,38,-3.0697,1.4915,-6.6332,0.1194,0.0049,10.7936,0.0430,0.0126,0.0564,-3.0706,1.4913,-6.5700,0.1218,0.0137,10.7894,10.7935
48511,1587,-3.0630,1.4893,-6.3142,0.1410,0.0052,8.8598,0.0376,0.0100,0.0501,-3.0628,1.4894,-6.4994,0.1374,0.0106,9.1670,8.8596
48538,430,-3.0251,1.5217,-6.9328,0.1551,0.0029,8.5420,0.0368,0.0103,0.0472,-3.0255,1.5217,-6.9537,0.1484,0.0107,8.7241,8.5419
48539,836,-3.0084,1.5188,-6.7186,0.1355,0.0040,7.4942,0.0372,0.0102,0.0464,-3.0112,1.5189,-6.8351,0.1344,0.0106,7.4898,7.4941
48550,3923,-3.1178,1.5090,-7.2102,0.1339,0.0049,8.1297,0.0382,0.0100,0.0483,-3.1193,1.5090,-7.1897,0.1353,0.0106,8.0082,8.1295
48551,471,-3.1214,1.5062,-7.1497,0.1270,0.0036,7.4181,0.0382,0.0101,0.0481,-3.1218,1.5058,-7.1335,0.1274,0.0106,7.6953,7.4180
48552,499,-3.0943,1.5145,-7.0574,0.1093,0.0030,7.8057,0.0361,0.0101,0.0497,-3.0898,1.5146,-7.3166,0.1143,0.0105,8.4084,7.8056
48553,228,-3.0896,1.5117,-6.8159,0.1092,0.0028,6.9754,0.0385,0.0100,0.0496,-3.0934,1.5114,-7.1700,0.1184,0.0106,6.8875,6.9752
48575,1859,-3.0033,1.4922,-6.9246,0.1599,0.0050,8.4927,0.0389,0.0102,0.0497,-3.0060,1.4922,-6.9068,0.1494,0.0107,8.6881,8.4925
48582,3079,-3.0218,1.4858,-6.5103,0.1092,0.0041,6.4097,0.0360,0.0100,0.0496,-3.0223,1.4858,-6.4562,0.1103,0.0105,6.1760,6.4095
48587,2437,-3.0184,1.4873,-9.2843,0.1027,0.0050,6.5485,0.0352,0.0100,0.0490,-3.0176,1.4873,-9.2181,0.1043,0.0105,6.3223,6.5483
48588,2326,-3.0305,1.4846,-11.0234,0.0991,0.0035,5.9995,0.0352,0.0099,0.0475,-3.0291,1.4846,-11.0539,0.0973,0.0105,5.9641,5.9993
48590,49,-3.0775,1.4806,-9.8856,0.1240,0.0045,5.6043,0.0401,0.0120,0.0525,-3.0857,1.4802,-10.0500,0.1228,0.0129,5.7161,5.6040
48592,137,-3.0863,1.4816,-9.6986,0.0906,0.0033,6.0296,0.0341,0.0106,0.0507,-3.0804,1.4819,-9.1100,0.0936,0.0112,5.6737,6.0294
48593,103,-3.0825,1.4894,-10.0090,0.1123,0.0033,5.6247,0.0350,0.0109,0.0446,-3.0848,1.4891,-10.5600,0.1111,0.0116,5.6940,5.6245
48594,925,-3.0765,1.4856,-9.8665,0.0957,0.0047,5.7219,0.0350,0.0101,0.0485,-3.0716,1.4857,-9.8797,0.0953,0.0106,5.6631,5.7217
48596,55,-3.0720,1.4942,-9.7453,0.0569,0.0052,6.8882,0.0308,0.0113,0.0421,-3.0769,1.4947,-9.7700,0.0611,0.0123,6.7753,6.8881
48640,20,-2.9926,1.4748,-11.1290,0.1479,0.0072,8.4438,0.0327,0.0154,0.0374,-2.9853,1.4723,-11.0400,0.1605,0.0173,9.1035,8.4438
48645,628,-3.0116,1.4818,-6.6093,0.1327,0.0051,8.2512,0.0368,0.0103,0.0491,-3.0107,1.4819,-6.5104,0.1275,0.0109,8.1024,8.2510
48646,1639,-3.0095,1.4748,-7.0213,0.1254,0.0035,8.2612,0.0368,0.0102,0.0489,-3.0080,1.4749,-6.9628,0.1263,0.0106,8.2740,8.2611
48647,149,-3.0171,1.4802,-7.2730,0.1180,0.0036,7.5955,0.0348,0.0102,0.0517,-3.0144,1.4805,-7.4200,0.1085,0.0109,7.6950,7.5953
48648,1093,-3.0008,1.4765,-6.9020,0.1157,0.0036,7.7228,0.0371,0.0100,0.0522,-3.0021,1.4764,-6.8490,0.1143,0.0106,7.6843,7.7227
48650,945,-3.0153,1.4777,-6.5919,0.1153,0.0050,7.6335,0.0365,0.0100,0.0510,-3.0157,1.4776,-6.5536,0.1203,0.0105,7.7043,7.6333
48652,122,-3.0318,1.4805,-5.9712,0.0967,0.0034,6.9050,0.0326,0.0106,0.0502,-3.0283,1.4802,-5.6700,0.0946,0.0113,7.1294,6.9048
48653,546,-3.0059,1.4765,-7.0220,0.0978,0.0032,5.9854,0.0343,0.0101,0.0477,-3.0024,1.4764,-7.1052,0.0963,0.0105,6.1889,5.9852
48655,79,-3.0132,1.4786,-6.9160,0.1141,0.0040,7.4898,0.0337,0.0111,0.0416,-3.0096,1.4781,-7.1800,0.1070,0.0118,7.3521,7.4897
48656,977,-3.0225,1.4809,-6.8433,0.1029,0.0042,6.4099,0.0355,0.0100,0.0495,-3.0240,1.4811,-6.6006,0.1073,0.0105,6.5176,6.4098
48657,538,-3.0187,1.4785,-5.8545,0.0991,0.0043,6.4699,0.0341,0.0101,0.0489,-3.0222,1.4784,-5.8111,0.0993,0.0106,6.6679,6.4697
48661,1016,-3.0208,1.4867,-6.5814,0.1056,0.0074,6.5011,0.0344,0.0102,0.0479,-3.0220,1.4867,-6.6404,0.0993,0.0107,6.4381,6.5009
48697,628,-2.9905,1.4982,-10.9888,0.1535,0.0074,9.7496,0.0373,0.0102,0.0466,-2.9882,1.4982,-10.7737,0.1584,0.0106,9.9067,9.7495
48698,212,-2.9805,1.5021,-10.1669,0.1392,0.0043,8.9988,0.0374,0.0105,0.0500,-2.9743,1.5022,-10.0330,0.1405,0.0108,9.4171,8.9987
48729,2759,-3.0794,1.4928,-6.7981,0.1454,0.0063,8.3613,0.0373,0.0101,0.0482,-3.0782,1.4929,-6.7535,0.1414,0.0106,8.4180,8.3612
48730,339,-3.0814,1.4834,-6.8445,0.1422,0.0037,8.2629,0.0388,0.0100,0.0468,-3.0847,1.4834,-6.6858,0.1354,0.0105,8.2680,8.2628
48731,831,-3.0848,1.4804,-6.4629,0.1274,0.0036,7.5643,0.0379,0.0100,0.0476,-3.0851,1.4802,-6.3545,0.1223,0.0106,7.3923,7.5641
48732,167,-3.1022,1.4800,-6.0975,0.1080,0.0031,8.1010,0.0365,0.0103,0.0484,-3.1026,1.4797,-5.6400,0.1055,0.0109,8.3562,8.1009
48739,1380,-3.0994,1.4921,-6.5793,0.1258,0.0048,8.5594,0.0370,0.0100,0.0488,-3.1002,1.4920,-6.3967,0.1274,0.0106,8.3974,8.5593
48740,263,-3.1104,1.4889,-7.2687,0.1144,0.0035,8.0349,0.0344,0.0099,0.0456,-3.1133,1.4887,-7.2300,0.1123,0.0106,8.0142,8.0348
48741,413,-3.0925,1.4925,-7.1166,0.1353,0.0038,8.1172,0.0378,0.0102,0.0467,-3.0948,1.4923,-7.4536,0.1293,0.0105,8.4882,8.1171
48743,167,-3.0726,1.4885,-6.5043,0.0961,0.0029,7.3357,0.0355,0.0103,0.0450,-3.0662,1.4886,-6.6200,0.1005,0.0109,7.5193,7.3356
48744,1102,-3.0775,1.4898,-6.4879,0.1225,0.0050,7.6183,0.0363,0.0101,0.0450,-3.0783,1.4899,-6.4722,0.1233,0.0106,7.7518,7.6182
48745,598,-3.0810,1.4919,-6.5463,0.1166,0.0039,7.4540,0.0348,0.0103,0.0479,-3.0827,1.4920,-6.5227,0.1183,0.0106,7.4897,7.4538
48746,352,-3.0725,1.4891,-7.1883,0.1142,0.0036,7.1618,0.0351,0.0104,0.0497,-3.0712,1.4893,-7.5084,0.1163,0.0106,7.0943,7.1616
48747,682,-3.0887,1.4869,-7.1548,0.1141,0.0046,7.4368,0.0356,0.0101,0.0500,-3.0880,1.4869,-7.0237,0.1173,0.0106,7.1967,7.4366
48748,1314,-3.0882,1.4878,-6.3753,0.1065,0.0032,6.8251,0.0350,0.0101,0.0475,-3.0909,1.4878,-6.5972,0.1075,0.0106,6.6865,6.8249
48751,340,-3.0933,1.4842,-6.0173,0.1108,0.0044,7.2139,0.0386,0.0105,0.0518,-3.0996,1.4839,-6.0253,0.1103,0.0106,7.0434,7.2137
48758,675,-3.0888,1.4848,-6.4540,0.0997,0.0061,6.4254,0.0354,0.0101,0.0493,-3.0893,1.4850,-6.5462,0.1043,0.0105,6.3766,6.4252
48759,40,-3.0794,1.4821,-6.9913,0.1159,0.0046,6.1741,0.0393,0.0120,0.0505,-3.0632,1.4804,-7.1100,0.1176,0.0131,6.3348,6.1739
48761,253,-3.0653,1.4784,-5.9555,0.0960,0.0029,6.4095,0.0330,0.0101,0.0497,-3.0633,1.4782,-6.2100,0.1003,0.0106,6.2715,6.4093
48762,205,-3.0695,1.4852,-6.0559,0.1075,0.0036,6.2763,0.0357,0.0102,0.0457,-3.0629,1.4853,-6.0900,0.1064,0.0108,6.2916,6.2761
48763,941,-3.0562,1.4820,-6.3701,0.0944,0.0038,6.2066,0.0347,0.0100,0.0490,-3.0592,1.4819,-6.2946,0.0963,0.0105,6.2498,6.2064
48764,2168,-3.0564,1.4799,-6.1855,0.0966,0.0046,5.9550,0.0343,0.0100,0.0478,-3.0553,1.4799,-6.1902,0.0983,0.0105,6.0246,5.9548
48766,3190,-3.0035,1.4945,-6.9374,0.1300,0.0051,7.7969,0.0373,0.0101,0.0490,-3.0029,1.4945,-6.8576,0.1303,0.0106,7.6989,7.7968
48767,507,-2.9988,1.5055,-5.9776,0.1161,0.0071,7.5057,0.0372,0.0101,0.0527,-2.9990,1.5055,-6.0000,0.1133,0.0106,7.9144,7.5055
48768,795,-2.9900,1.5055,-6.5084,0.1291,0.0043,7.1936,0.0364,0.0101,0.0473,-2.9885,1.5055,-6.7328,0.1374,0.0106,6.8548,7.1935
48769,41,-2.9693,1.4999,-7.4436,0.0937,0.0037,6.3959,0.0327,0.0141,0.0733,-2.9785,1.5003,-6.3000,0.0952,0.0149,5.7017,6.3955
48770,246,-2.9884,1.5015,-6.0396,0.1235,0.0030,7.3000,0.0380,0.0101,0.0559,-2.9925,1.5013,-6.0700,0.1264,0.0107,7.2916,7.2998
48781,766,-3.0168,1.5056,-7.0759,0.1270,0.0032,8.1612,0.0375,0.0100,0.0501,-3.0159,1.5055,-7.2791,0.1224,0.0106,7.9507,8.1610
48783,416,-3.0059,1.5066,-8.0269,0.1311,0.0033,8.2433,0.0365,0.0102,0.0494,-3.0100,1.5070,-8.1537,0.1394,0.0107,8.5015,8.2431
48785,1209,-3.0086,1.5035,-7.1802,0.1228,0.0040,7.8058,0.0377,0.0101,0.0500,-3.0092,1.5035,-7.0762,0.1253,0.0106,7.7904,7.8057
48787,87,-3.0199,1.4958,-8.5225,0.1099,0.0032,7.9772,0.0352,0.0110,0.0540,-3.0143,1.4962,-8.6900,0.1120,0.0117,7.9117,7.9770
48793,67,-2.9999,1.4940,-5.5354,0.0846,0.0037,9.5943,0.0352,0.0117,0.0503,-3.0054,1.4939,-5.5700,0.0880,0.0124,9.7520,9.5941
48798,15,-3.0173,1.4772,-4.9696,0.0297,0.0070,7.3829,0.0214,0.0167,0.0329,-3.0218,1.4755,-5.5100,0.0401,0.0184,5.9236,7.3829
48801,294,-2.9810,1.4948,-6.7625,0.1193,0.0031,6.6384,0.0349,0.0100,0.0460,-2.9822,1.4949,-6.7400,0.1183,0.0106,6.7993,6.6383
48804,50,-2.9851,1.5093,-7.2056,0.1158,0.0043,5.9766,0.0353,0.0125,0.0559,-2.9813,1.5097,-6.9300,0.1068,0.0133,5.5268,5.9764
48807,422,-2.9878,1.4959,-6.7693,0.1039,0.0032,7.0659,0.0346,0.0101,0.0489,-2.9910,1.4959,-7.0036,0.1114,0.0106,7.7685,7.0657
48808,47,-2.9984,1.4947,-6.4480,0.0796,0.0043,6.6470,0.0365,0.0116,0.0522,-3.0113,1.4947,-6.5600,0.0944,0.0126,6.9997,6.6468
48833,2050,-3.0107,1.4850,-6.5750,0.0925,0.0042,5.8535,0.0348,0.0100,0.0485,-3.0097,1.4850,-6.4634,0.0923,0.0105,5.8450,5.8533
48834,1029,-3.0109,1.4901,-6.2883,0.0895,0.0039,6.0355,0.0338,0.0100,0.0464,-3.0116,1.4902,-6.2118,0.0893,0.0105,6.2129,6.0353
48835,571,-3.0233,1.4918,-6.7710,0.1014,0.0039,5.9937,0.0352,0.0103,0.0481,-3.0195,1.4918,-6.8826,0.1023,0.0108,5.8244,5.9935
48836,1893,-3.0149,1.4897,-6.8055,0.1136,0.0041,5.9759,0.0360,0.0101,0.0484,-3.0153,1.4897,-6.7040,0.1143,0.0106,6.1038,5.9757
48837,604,-3.0198,1.4844,-7.0047,0.1036,0.0033,6.0970,0.0344,0.0102,0.0474,-3.0151,1.4843,-6.9909,0.1009,0.0106,6.1075,6.0968
48838,341,-3.0056,1.4882,-7.1908,0.0970,0.0038,5.7291,0.0343,0.0102,0.0459,-3.0042,1.4883,-7.1356,0.1004,0.0108,5.7496,5.7289
49058,593,-2.9716,1.4456,-7.2514,0.1370,0.0047,8.7645,0.0386,0.0100,0.0491,-2.9749,1.4459,-7.1280,0.1193,0.0106,8.5993,8.7643
49060,589,-2.9649,1.4308,-6.8689,0.1365,0.0035,7.9403,0.0356,0.0100,0.0455,-2.9715,1.4306,-6.8271,0.1303,0.0106,7.7901,7.9401
49062,304,-2.9710,1.4275,-7.5720,0.1315,0.0039,7.7876,0.0364,0.0104,0.0455,-2.9694,1.4274,-7.4146,0.1444,0.0106,7.7897,7.7875
49064,1324,-2.9861,1.4247,-6.9370,0.1193,0.0040,7.2383,0.0365,0.0100,0.0490,-2.9870,1.4246,-6.8519,0.1264,0.0106,7.0926,7.2381
49065,117,-2.9679,1.4269,-5.7588,0.0934,0.0036,7.1690,0.0340,0.0105,0.0433,-2.9708,1.4267,-5.7400,0.0916,0.0112,7.6608,7.1689
49066,655,-2.9766,1.4217,-6.8848,0.1134,0.0031,6.8816,0.0338,0.0100,0.0462,-2.9782,1.4217,-6.7327,0.1233,0.0105,6.9088,6.8814
49067,1151,-2.9800,1.4209,-7.0814,0.1025,0.0037,6.7902,0.0363,0.0100,0.0519,-2.9799,1.4209,-7.2695,0.1043,0.0105,6.6281,6.7900
49068,624,-2.9901,1.4201,-6.8769,0.0973,0.0033,6.4646,0.0357,0.0099,0.0480,-2.9912,1.4200,-6.8955,0.1023,0.0105,6.1258,6.4644
49071,604,-2.9790,1.4192,-6.7949,0.0966,0.0043,6.2678,0.0349,0.0100,0.0511,-2.9807,1.4192,-7.0177,0.0982,0.0105,6.5592,6.2675
49083,4,-2.9784,1.4296,-8.5869,0.0280,0.0054,9.4284,0.0352,0.0208,0.0630,-2.9834,1.4270,-8.6400,0.0698,0.0229,10.0737,9.4282
49086,1415,-2.9740,1.4216,-6.8116,0.1108,0.0050,5.8063,0.0357,0.0100,0.0485,-2.9734,1.4217,-6.7367,0.1103,0.0106,5.7519,5.8061
49087,521,-2.9929,1.4177,-7.0066,0.1017,0.0032,5.5406,0.0358,0.0100,0.0484,-2.9932,1.4175,-6.9729,0.1033,0.0105,5.5980,5.5404
49096,222,-3.0095,1.4169,-6.9212,0.0982,0.0035,5.8426,0.0335,0.0101,0.0432,-3.0124,1.4169,-6.8700,0.0993,0.0107,6.0540,5.8424
49099,1735,-2.9831,1.4350,-6.8242,0.1156,0.0044,7.5484,0.0359,0.0100,0.0472,-2.9839,1.4351,-6.8679,0.1092,0.0105,7.5815,7.5483
49100,611,-2.9709,1.4289,-6.8179,0.1065,0.0039,7.2389,0.0357,0.0104,0.0472,-2.9720,1.4288,-6.6271,0.1073,0.0106,7.0767,7.2388
49101,86,-2.9868,1.4270,-6.0218,0.1028,0.0041,7.0482,0.0390,0.0109,0.0574,-2.9846,1.4262,-6.0100,0.1110,0.0116,6.7297,7.0479
49102,91,-2.9939,1.4275,-6.3244,0.1135,0.0035,8.0254,0.0332,0.0111,0.0474,-2.9831,1.4279,-5.7900,0.1169,0.0118,8.0017,8.0253
49103,184,-2.9732,1.4304,-10.9303,0.1089,0.0030,7.7364,0.0359,0.0103,0.0505,-2.9718,1.4303,-10.9800,0.1095,0.0109,7.8392,7.7362
49104,2203,-2.9708,1.4278,-9.7457,0.1024,0.0050,7.3194,0.0355,0.0099,0.0489,-2.9724,1.4277,-9.6301,0.1022,0.0105,7.1190,7.3192
49108,1508,-2.9711,1.4253,-6.7781,0.0943,0.0043,6.6588,0.0339,0.0099,0.0458,-2.9716,1.4250,-6.8941,0.0954,0.0105,6.4648,6.6587
49116,210,-2.9712,1.4293,-6.8185,0.1010,0.0030,6.7255,0.0338,0.0101,0.0448,-2.9701,1.4292,-6.9600,0.1024,0.0107,6.9911,6.7253
49118,607,-2.9563,1.4269,-6.7915,0.1026,0.0033,6.4423,0.0359,0.0100,0.0504,-2.9560,1.4270,-6.7269,0.1103,0.0105,6.0254,6.4421
49119,1443,-2.9648,1.4264,-6.6517,0.0955,0.0040,6.0501,0.0349,0.0100,0.0486,-2.9658,1.4264,-6.5348,0.0973,0.0106,6.0043,6.0499
49120,86,-2.9764,1.4259,-7.0303,0.1072,0.0037,5.2468,0.0351,0.0114,0.0475,-2.9710,1.4262,-6.8500,0.1119,0.0121,5.3946,5.2466
49124,780,-2.9757,1.4249,-6.7501,0.0970,0.0035,6.0863,0.0341,0.0101,0.0489,-2.9748,1.4249,-7.0118,0.0953,0.0106,5.9019,6.0861
49125,991,-2.9714,1.4209,-7.0040,0.0977,0.0036,6.0489,0.0351,0.0101,0.0484,-2.9709,1.4208,-7.0932,0.0983,0.0106,6.1617,6.0487
49136,49,-2.9758,1.4284,-7.3094,0.1554,0.0046,8.8637,0.0372,0.0117,0.0512,-2.9696,1.4282,-6.4600,0.1452,0.0126,8.9090,8.8635
49137,22,-2.9602,1.4259,-7.8363,0.1276,0.0061,9.4748,0.0359,0.0179,0.0455,-2.9573,1.4252,-7.4400,0.1289,0.0194,9.0120,9.4747
49138,65,-2.9905,1.4298,-7.3803,0.1220,0.0034,7.1667,0.0398,0.0119,0.0544,-3.0030,1.4302,-7.2900,0.1255,0.0127,6.7788,7.1665
49139,1042,-2.9837,1.4277,-7.8977,0.1191,0.0034,7.4583,0.0352,0.0099,0.0473,-2.9814,1.4276,-7.9667,0.1182,0.0105,7.6601,7.4582
49145,356,-2.9556,1.4217,-7.8910,0.1144,0.0029,6.7520,0.0353,0.0099,0.0466,-2.9570,1.4214,-7.7000,0.1162,0.0104,6.8112,6.7518
49146,1235,-2.9550,1.4266,-8.0401,0.1091,0.0047,6.9414,0.0365,0.0101,0.0486,-2.9535,1.4267,-7.9882,0.1143,0.0105,7.2183,6.9412
49147,238,-2.9487,1.4173,-8.1315,0.1039,0.0029,6.5554,0.0324,0.0103,0.0464,-2.9470,1.4173,-8.3600,0.1083,0.0108,6.2193,6.5552
49149,1361,-2.9409,1.4228,-7.9149,0.1080,0.0050,6.8501,0.0359,0.0101,0.0489,-2.9421,1.4228,-8.0165,0.1103,0.0106,7.0550,6.8499
49155,74,-2.9517,1.4259,-9.0647,0.1060,0.0045,5.5429,0.0362,0.0108,0.0402,-2.9452,1.4261,-8.7000,0.1080,0.0117,5.5109,5.5427
49157,609,-2.9815,1.4332,-6.2879,0.1292,0.0038,8.1191,0.0387,0.0100,0.0494,-2.9752,1.4331,-6.4187,0.1293,0.0106,8.2664,8.1190
49159,485,-2.9862,1.4295,-5.8926,0.1080,0.0035,7.9484,0.0354,0.0100,0.0477,-2.9853,1.4293,-5.9960,0.1153,0.0105,8.2292,7.9483
49161,470,-2.9789,1.4347,-6.9745,0.1160,0.0044,7.6082,0.0360,0.0101,0.0484,-2.9782,1.4347,-6.8515,0.1243,0.0105,7.6275,7.6080
49164,440,-2.9840,1.4271,-6.8648,0.1105,0.0037,7.2595,0.0361,0.0102,0.0453,-2.9826,1.4270,-6.8792,0.1143,0.0105,7.1360,7.2594
49165,6141,-2.9757,1.4232,-6.4159,0.1059,0.0163,6.3887,0.0352,0.0100,0.0487,-2.9759,1.4231,-6.4347,0.1063,0.0105,6.0695,6.3885
49166,890,-2.9742,1.4513,-6.0810,0.0898,0.0035,5.9502,0.0344,0.0100,0.0479,-2.9749,1.4511,-6.0656,0.0902,0.0105,5.8777,5.9500
49167,300,-2.9807,1.4528,-5.9679,0.0921,0.0067,5.6639,0.0325,0.0106,0.0468,-2.9855,1.4527,-5.8392,0.0973,0.0106,5.6268,5.6637
49168,2008,-2.9565,1.4373,-6.2295,0.0918,0.0061,5.5345,0.0342,0.0100,0.0480,-2.9568,1.4371,-6.1272,0.0933,0.0105,5.5008,5.5343
49171,2438,-2.9484,1.4525,-6.8480,0.1219,0.0050,7.9996,0.0362,0.0100,0.0473,-2.9485,1.4525,-6.8227,0.1213,0.0105,7.9398,7.9995
49174,278,-2.9775,1.4324,-6.7639,0.1207,0.0030,7.3993,0.0338,0.0099,0.0443,-2.9845,1.4322,-6.3000,0.1173,0.0105,7.3241,7.3992
49190,2477,-2.9671,1.4163,-6.6675,0.1242,0.0038,7.8977,0.0370,0.0100,0.0488,-2.9680,1.4163,-6.5550,0.1204,0.0106,7.8123,7.8975
49191,1529,-2.9461,1.4166,-6.1138,0.1276,0.0035,7.6358,0.0367,0.0101,0.0473,-2.9477,1.4165,-6.1444,0.1304,0.0106,7.4205,7.6356
49196,466,-2.9131,1.4158,-6.3406,0.1089,0.0032,7.2618,0.0365,0.0101,0.0472,-2.9121,1.4158,-6.5530,0.1043,0.0105,7.0507,7.2616
49199,663,-2.9668,1.4171,-6.2233,0.1083,0.0030,6.9755,0.0356,0.0101,0.0462,-2.9668,1.4169,-6.0402,0.1103,0.0105,6.9390,6.9753
49201,111,-2.9728,1.4147,-6.2185,0.1094,0.0030,6.7890,0.0341,0.0105,0.0424,-2.9777,1.4140,-6.1800,0.1127,0.0112,6.5245,6.7889
49219,742,-3.0118,1.4353,-7.2101,0.1327,0.0031,8.0067,0.0382,0.0101,0.0509,-3.0130,1.4351,-7.3344,0.1346,0.0106,7.7535,8.0066
49222,333,-2.9537,1.4290,-7.7203,0.1143,0.0064,7.6780,0.0355,0.0105,0.0459,-2.9517,1.4287,-7.7309,0.1133,0.0105,7.5327,7.6779
49224,42,-3.0121,1.4321,-8.8930,0.1144,0.0043,6.8975,0.0326,0.0118,0.0455,-3.0015,1.4331,-8.2000,0.1048,0.0128,7.2622,6.8974
49225,43,-3.0267,1.4205,-7.5992,0.1020,0.0060,6.7070,0.0327,0.0122,0.0421,-3.0279,1.4196,-7.8200,0.1077,0.0132,6.9068,6.7068
49228,44,-2.9635,1.4192,-8.3855,0.1096,0.0042,6.7694,0.0299,0.0118,0.0436,-2.9696,1.4186,-9.0200,0.1178,0.0129,6.9733,6.7693
49232,629,-2.9900,1.4203,-6.1680,0.1085,0.0042,7.3288,0.0347,0.0101,0.0462,-2.9909,1.4202,-6.1153,0.1017,0.0106,7.2832,7.3286
49235,42,-3.0125,1.4172,-7.3775,0.0873,0.0037,7.2332,0.0363,0.0127,0.0663,-3.0051,1.4174,-7.6200,0.0897,0.0137,7.2360,7.2329
49236,92,-2.9926,1.4252,-7.8311,0.1093,0.0040,7.0149,0.0346,0.0109,0.0428,-2.9915,1.4249,-8.3300,0.1078,0.0115,7.2243,7.0147
49237,257,-2.9960,1.4260,-7.7046,0.1073,0.0033,6.7496,0.0364,0.0099,0.0464,-2.9875,1.4258,-7.5400,0.1063,0.0105,6.6383,6.7495
49238,172,-2.9919,1.4209,-6.9141,0.1087,0.0033,6.4245,0.0371,0.0103,0.0515,-2.9888,1.4208,-6.8100,0.1125,0.0109,6.2724,6.4243
49239,166,-3.0018,1.4175,-6.9129,0.1120,0.0035,6.7900,0.0369,0.0104,0.0471,-2.9999,1.4173,-6.9400,0.1045,0.0110,7.1090,6.7898
49241,290,-3.0027,1.4219,-6.5314,0.1115,0.0026,6.3044,0.0363,0.0100,0.0496,-3.0008,1.4216,-6.4100,0.1103,0.0105,6.4910,6.3042
49242,208,-2.9982,1.4151,-6.2967,0.1152,0.0034,6.6220,0.0360,0.0103,0.0560,-2.9963,1.4151,-6.1000,0.1175,0.0109,6.7613,6.6218
49243,842,-2.9919,1.4204,-6.9191,0.1093,0.0032,6.5581,0.0362,0.0100,0.0498,-2.9900,1.4204,-7.1594,0.1133,0.0105,6.7527,6.5579
49244,3490,-2.9987,1.4179,-7.1695,0.0981,0.0043,6.3793,0.0346,0.0099,0.0482,-2.9995,1.4179,-7.2027,0.1003,0.0105,6.0017,6.3792
49248,419,-3.0072,1.4181,-6.9463,0.0949,0.0035,5.9295,0.0327,0.0101,0.0441,-3.0087,1.4182,-6.7970,0.0943,0.0105,5.8188,5.9293
49250,849,-3.0137,1.4155,-7.2050,0.0992,0.0040,5.8602,0.0359,0.0099,0.0483,-3.0136,1.4154,-7.2197,0.1033,0.0105,5.8164,5.8600
49252,549,-3.0150,1.4131,-6.7190,0.1358,0.0047,5.6604,0.0390,0.0103,0.0508,-3.0220,1.4128,-6.3441,0.1364,0.0107,5.5953,5.6602
49253,367,-3.0150,1.4183,-7.3683,0.1228,0.0035,5.6956,0.0369,0.0103,0.0498,-3.0125,1.4182,-7.1869,0.1334,0.0107,6.1151,5.6954
49265,155,-3.0313,1.4364,-7.9125,0.1319,0.0031,8.4123,0.0341,0.0105,0.0451,-3.0318,1.4360,-7.8000,0.1336,0.0111,8.1481,8.4122
49267,275,-3.0236,1.4351,-8.1409,0.1143,0.0035,7.9487,0.0383,0.0099,0.0500,-3.0263,1.4349,-8.1200,0.1163,0.0105,7.9131,7.9485
49269,85,-3.0067,1.4311,-6.7815,0.1198,0.0040,7.6397,0.0414,0.0113,0.0558,-3.0111,1.4306,-6.5200,0.1231,0.0120,7.6714,7.6395
49271,317,-2.9879,1.4387,-7.4817,0.1280,0.0030,8.0308,0.0374,0.0100,0.0470,-2.9903,1.4389,-7.8000,0.1283,0.0105,7.9870,8.0306
49274,423,-3.0261,1.4310,-6.9293,0.1297,0.0034,7.6983,0.0385,0.0102,0.0484,-3.0260,1.4310,-6.8370,0.1273,0.0106,7.5719,7.6982
49275,91,-3.0125,1.4296,-7.0915,0.1147,0.0038,7.9276,0.0399,0.0111,0.0507,-3.0150,1.4293,-6.8800,0.1301,0.0119,8.4014,7.9274
49276,469,-3.0141,1.4288,-7.6282,0.1169,0.0043,7.8168,0.0349,0.0100,0.0454,-3.0160,1.4288,-7.9075,0.1143,0.0106,7.7288,7.8167
49277,922,-3.0022,1.4415,-7.2019,0.1097,0.0048,7.3831,0.0375,0.0102,0.0542,-2.9985,1.4414,-6.9638,0.1113,0.0106,7.4622,7.3829
49280,153,-2.9989,1.4344,-8.0305,0.1155,0.0037,7.0152,0.0377,0.0103,0.0514,-3.0017,1.4341,-7.6100,0.1106,0.0110,6.9656,7.0151
49281,1425,-2.9823,1.4368,-7.1589,0.1112,0.0037,7.4255,0.0363,0.0100,0.0479,-2.9832,1.4369,-7.1400,0.1153,0.0106,7.3730,7.4253
49282,43,-2.9669,1.4424,-6.9289,0.0982,0.0038,7.8429,0.0344,0.0111,0.0432,-2.9763,1.4431,-7.2800,0.0946,0.0124,8.3243,7.8428
49283,349,-2.9820,1.4285,-7.3151,0.1076,0.0039,7.0583,0.0354,0.0102,0.0472,-2.9824,1.4283,-7.2181,0.1113,0.0106,6.9343,7.0581
49285,196,-2.9841,1.4258,-8.1849,0.1126,0.0032,6.8909,0.0343,0.0102,0.0425,-2.9871,1.4259,-7.8200,0.1114,0.0108,7.1996,6.8908
49286,468,-2.9637,1.4306,-6.9433,0.0996,0.0041,6.9660,0.0356,0.0100,0.0446,-2.9678,1.4306,-7.0568,0.1003,0.0106,6.9399,6.9658
49291,361,-2.9654,1.4280,-7.0299,0.1000,0.0032,6.4883,0.0362,0.0101,0.0441,-2.9661,1.4280,-7.1111,0.0993,0.0105,6.2957,6.4881
49304,180,-2.9751,1.4238,-7.3654,0.1021,0.0039,6.4943,0.0327,0.0102,0.0438,-2.9797,1.4231,-7.1100,0.1004,0.0108,6.4261,6.4941
49309,211,-2.9716,1.4341,-7.1109,0.1197,0.0029,6.3849,0.0360,0.0102,0.0485,-2.9722,1.4341,-6.8400,0.1244,0.0108,6.1921,6.3847
49315,320,-2.9554,1.4309,-7.6352,0.0972,0.0032,6.3181,0.0367,0.0099,0.0508,-2.9551,1.4309,-7.5600,0.1003,0.0105,6.4504,6.3179
49316,2438,-3.0893,1.4250,-7.0675,0.1251,0.0063,6.2280,0.0351,0.0100,0.0477,-3.0893,1.4250,-7.1923,0.1003,0.0106,6.1390,6.2278
49318,391,-3.1476,1.4178,-6.4069,0.0900,0.0057,6.1828,0.0352,0.0103,0.0479,-3.1487,1.4177,-6.2191,0.0953,0.0106,6.1577,6.1826
49322,78,-2.9781,1.4357,-6.7698,0.1343,0.0042,9.1473,0.0387,0.0112,0.0486,-2.9722,1.4365,-6.5400,0.1313,0.0120,9.5522,9.1472
49355,104,-3.0180,1.4502,-5.9391,0.1378,0.0032,8.5020,0.0373,0.0108,0.0498,-3.0165,1.4504,-5.6700,0.1319,0.0115,8.4848,8.5018
49357,274,-3.0106,1.4451,-6.6672,0.1168,0.0073,8.2508,0.0380,0.0104,0.0505,-3.0088,1.4451,-6.5275,0.1074,0.0108,8.6450,8.2507
49358,917,-2.9810,1.4429,-7.0372,0.1067,0.0054,7.4517,0.0350,0.0101,0.0491,-2.9852,1.4429,-6.9531,0.1093,0.0106,7.6119,7.4516
49360,1901,-2.9526,1.4305,-6.7425,0.1050,0.0045,7.2479,0.0355,0.0100,0.0489,-2.9526,1.4305,-6.9386,0.1013,0.0105,7.1486,7.2477
49362,425,-2.9995,1.4273,-7.2870,0.1220,0.0032,7.0378,0.0386,0.0103,0.0508,-3.0019,1.4274,-7.4277,0.1254,0.0106,6.7906,7.0376
49363,2702,-2.9865,1.4267,-6.8937,0.1043,0.0043,6.6146,0.0353,0.0100,0.0481,-2.9867,1.4266,-6.8543,0.1073,0.0106,6.5252,6.6144
49364,1548,-2.9963,1.4233,-6.6508,0.0971,0.0037,6.3927,0.0356,0.0100,0.0485,-2.9968,1.4233,-6.8131,0.0993,0.0105,6.4271,6.3925
49366,242,-3.0093,1.4234,-7.5654,0.1090,0.0031,6.4084,0.0360,0.0100,0.0469,-3.0142,1.4236,-7.5000,0.1134,0.0106,6.2774,6.4082
49367,3980,-3.0278,1.4147,-6.5918,0.1118,0.0049,6.1454,0.0349,0.0100,0.0486,-3.0274,1.4146,-6.4496,0.0973,0.0105,6.3093,6.1452
49400,789,-2.9925,1.4348,-6.5747,0.1125,0.0043,8.0934,0.0374,0.0100,0.0495,-2.9955,1.4347,-6.4091,0.1123,0.0105,8.1175,8.0932
49401,112,-3.0063,1.4280,-8.6724,0.1357,0.0037,8.5500,0.0370,0.0106,0.0430,-3.0127,1.4273,-8.7200,0.1329,0.0113,9.1684,8.5499
49405,63,-2.9775,1.4264,-7.2830,0.1441,0.0034,8.7555,0.0349,0.0123,0.0461,-2.9740,1.4270,-7.8300,0.1538,0.0131,9.1006,8.7554
49410,49,-2.9574,1.4224,-6.6831,0.1214,0.0043,7.5812,0.0350,0.0116,0.0451,-2.9615,1.4223,-6.8600,0.1217,0.0126,8.0109,7.5811
49411,295,-2.9838,1.4227,-6.7006,0.1086,0.0039,7.4163,0.0383,0.0103,0.0590,-2.9890,1.4229,-7.0515,0.1094,0.0107,7.4488,7.4160
49450,122,-2.9961,1.4214,-7.1122,0.1005,0.0033,7.0634,0.0317,0.0106,0.0410,-2.9945,1.4212,-7.2700,0.1046,0.0113,6.5692,7.0633
49451,40,-2.9655,1.4096,-6.8619,0.1043,0.0045,6.6903,0.0397,0.0124,0.0484,-2.9573,1.4095,-6.5600,0.1111,0.0134,6.9482,6.6901
49460,10,-2.9282,1.4220,-4.0671,0.0798,0.0056,6.6706,0.0293,0.0170,0.0359,-2.9202,1.4194,-4.0700,0.0945,0.0196,7.3760,6.6705
49473,122,-2.9952,1.4142,-7.0515,0.1316,0.0038,7.4243,0.0368,0.0106,0.0491,-2.9841,1.4141,-6.2400,0.1308,0.0113,7.3921,7.4242
49490,416,-2.9701,1.4108,-6.5079,0.1218,0.0050,7.3882,0.0356,0.0101,0.0466,-2.9707,1.4107,-6.4097,0.1243,0.0105,7.3624,7.3881
49492,41,-2.9762,1.4123,-5.7120,0.0968,0.0059,8.6208,0.0346,0.0129,0.0431,-2.9701,1.4120,-5.6300,0.0968,0.0139,9.1363,8.6207
49497,1001,-2.9676,1.4152,-6.4209,0.1149,0.0053,6.9048,0.0363,0.0100,0.0477,-2.9683,1.4153,-6.4089,0.1133,0.0105,6.8462,6.9046
49500,314,-2.9633,1.4118,-6.4224,0.1119,0.0032,6.2692,0.0364,0.0099,0.0464,-2.9674,1.4119,-6.5600,0.1123,0.0105,6.3200,6.2690
49503,57,-2.9822,1.4204,-8.3013,0.0905,0.0038,5.7776,0.0343,0.0115,0.0524,-2.9829,1.4207,-8.0600,0.1034,0.0124,5.8952,5.7774
49504,45,-2.9468,1.4245,-6.2395,0.1069,0.0045,6.5427,0.0331,0.0119,0.0479,-2.9448,1.4250,-6.3200,0.1117,0.0128,7.0053,6.5426
49505,244,-2.9572,1.4155,-6.5651,0.0966,0.0031,6.3481,0.0368,0.0101,0.0530,-2.9548,1.4156,-6.5200,0.1003,0.0106,6.5611,6.3479
49506,294,-2.9597,1.4181,-6.8934,0.1007,0.0029,6.1195,0.0354,0.0100,0.0497,-2.9624,1.4182,-6.9000,0.1013,0.0105,6.0636,6.1193
49507,291,-2.9695,1.4172,-6.2293,0.1005,0.0032,6.3771,0.0354,0.0100,0.0470,-2.9720,1.4171,-6.2100,0.1033,0.0106,6.3486,6.3769
49510,229,-2.9501,1.4193,-6.4854,0.1056,0.0033,6.1234,0.0353,0.0101,0.0518,-2.9440,1.4192,-6.3400,0.1054,0.0107,6.1438,6.1231
49511,256,-2.9554,1.4255,-6.5755,0.0920,0.0031,5.7996,0.0336,0.0101,0.0460,-2.9550,1.4255,-6.6000,0.0973,0.0107,5.7482,5.7994
49512,803,-2.9564,1.4197,-6.2950,0.1016,0.0033,5.8803,0.0349,0.0100,0.0453,-2.9569,1.4197,-6.3564,0.1013,0.0105,5.9355,5.8801
49558,1294,-2.9573,1.4330,-7.4931,0.1226,0.0055,7.8952,0.0371,0.0100,0.0491,-2.9548,1.4329,-7.5136,0.1283,0.0105,8.0775,7.8951
49559,3668,-2.9272,1.4259,-6.7941,0.1097,0.0060,7.0845,0.0358,0.0100,0.0490,-2.9294,1.4258,-6.8710,0.1113,0.0105,7.1326,7.0843
49560,27,-3.0124,1.4336,-7.2772,0.1080,0.0053,8.3188,0.0352,0.0143,0.0415,-2.9861,1.4343,-7.1600,0.1269,0.0153,9.0792,8.3187
49565,29,-2.9343,1.4125,-7.4642,0.0852,0.0046,5.6533,0.0348,0.0132,0.0442,-2.9272,1.4137,-6.8500,0.0894,0.0145,6.0208,5.6531
49568,2803,-2.9297,1.4213,-6.8866,0.1095,0.0041,6.4981,0.0351,0.0102,0.0470,-2.9294,1.4212,-6.9765,0.1075,0.0108,6.6234,6.4979
49572,4588,-2.9700,1.4223,-6.5530,0.1069,0.0055,7.0729,0.0352,0.0099,0.0487,-2.9698,1.4223,-6.5130,0.1072,0.0105,6.9196,7.0727
49577,374,-2.9693,1.4161,-5.8275,0.0976,0.0034,6.2493,0.0331,0.0102,0.0458,-2.9660,1.4162,-5.8478,0.0982,0.0105,6.3673,6.2492
49578,5790,-2.9721,1.4129,-6.4715,0.0910,0.0049,5.9733,0.0344,0.0099,0.0488,-2.9715,1.4129,-6.5201,0.0922,0.0105,6.0583,5.9731
49584,1227,-2.9837,1.4209,-6.5036,0.1055,0.0048,5.8373,0.0369,0.0101,0.0502,-2.9820,1.4209,-6.4792,0.1103,0.0106,5.7961,5.8370
49598,3975,-2.9968,1.4246,-6.5885,0.1260,0.0040,7.9760,0.0370,0.0100,0.0480,-2.9993,1.4246,-6.5491,0.1223,0.0105,8.0382,7.9759
49600,965,-2.9849,1.4203,-6.5304,0.1201,0.0056,7.6786,0.0368,0.0101,0.0490,-2.9897,1.4200,-6.6051,0.1133,0.0106,7.4165,7.6784
49602,803,-2.9787,1.4196,-6.6343,0.1216,0.0034,7.3782,0.0365,0.0101,0.0516,-2.9758,1.4194,-6.6188,0.1173,0.0106,7.1631,7.3780
49604,2753,-2.9736,1.4229,-6.2973,0.1143,0.0043,7.0299,0.0363,0.0100,0.0481,-2.9746,1.4228,-6.3595,0.1153,0.0105,7.0381,7.0298
49605,245,-2.9819,1.4274,-6.0570,0.1023,0.0030,6.2574,0.0361,0.0102,0.0512,-2.9745,1.4278,-6.2200,0.1023,0.0107,6.1670,6.2571
49607,193,-2.9747,1.4243,-5.9222,0.1076,0.0033,5.9302,0.0370,0.0103,0.0498,-2.9763,1.4244,-6.5300,0.1065,0.0108,6.0309,5.9300
49608,1263,-2.9604,1.4243,-6.1035,0.0927,0.0038,5.8147,0.0343,0.0099,0.0483,-2.9602,1.4243,-6.1351,0.0972,0.0105,5.4666,5.8145
49609,756,-2.9634,1.4222,-6.3190,0.0955,0.0049,5.7057,0.0342,0.0100,0.0469,-2.9594,1.4222,-6.4243,0.0962,0.0105,5.7543,5.7055
49612,1517,-2.9725,1.4257,-6.9891,0.1178,0.0037,7.0977,0.0368,0.0100,0.0507,-2.9715,1.4257,-6.9160,0.1155,0.0105,7.0890,7.0976
49613,1786,-2.9723,1.4228,-6.8894,0.1015,0.0035,6.7172,0.0357,0.0099,0.0488,-2.9700,1.4227,-6.8475,0.1022,0.0104,6.7802,6.7170
49614,99,-2.9727,1.4239,-5.1786,0.1145,0.0031,6.9044,0.0377,0.0108,0.0477,-2.9714,1.4235,-5.2900,0.1208,0.0115,6.5972,6.9042
49616,2461,-2.9770,1.4292,-6.5873,0.0990,0.0051,6.3594,0.0347,0.0099,0.0486,-2.9778,1.4291,-6.5993,0.1002,0.0105,6.4338,6.3592
49617,2696,-2.9671,1.4293,-6.6786,0.1194,0.0051,6.4948,0.0359,0.0100,0.0480,-2.9668,1.4292,-6.5556,0.1123,0.0105,6.5545,6.4947
49621,1298,-2.9605,1.4184,-6.4320,0.0972,0.0037,5.9247,0.0348,0.0100,0.0471,-2.9589,1.4183,-6.4272,0.1013,0.0106,5.8560,5.9245
49641,1082,-2.9668,1.4225,-6.7497,0.1304,0.0035,7.7520,0.0378,0.0099,0.0518,-2.9666,1.4223,-6.8166,0.1323,0.0105,7.9148,7.7519
49644,1488,-2.9652,1.4282,-6.3134,0.1134,0.0048,7.7312,0.0364,0.0099,0.0492,-2.9656,1.4281,-6.2805,0.1113,0.0105,7.5966,7.7310
49652,86,-2.9678,1.4363,-6.5914,0.1062,0.0037,6.3030,0.0371,0.0112,0.0478,-2.9673,1.4365,-6.8300,0.1160,0.0119,6.6675,6.3028
49654,86,-2.9521,1.4224,-6.3822,0.1034,0.0038,6.6515,0.0356,0.0109,0.0490,-2.9496,1.4223,-5.8600,0.0999,0.0117,6.8141,6.6513
49656,629,-2.9702,1.4242,-6.5395,0.1155,0.0038,7.1050,0.0375,0.0102,0.0472,-2.9715,1.4243,-6.4695,0.1193,0.0107,7.0707,7.1049
49660,2368,-2.9744,1.4219,-6.5486,0.1087,0.0034,6.5323,0.0352,0.0100,0.0480,-2.9744,1.4218,-6.5436,0.1052,0.0105,6.4893,6.5321
49661,372,-2.9847,1.4227,-6.3615,0.0956,0.0045,6.2489,0.0363,0.0102,0.0517,-2.9844,1.4226,-6.4715,0.0992,0.0105,5.9329,6.2486
49662,53,-2.9785,1.4246,-7.1792,0.1014,0.0035,6.3485,0.0314,0.0118,0.0430,-2.9877,1.4250,-7.3200,0.1044,0.0127,6.3866,6.3484
49663,475,-2.9767,1.4208,-6.6913,0.1009,0.0034,6.4648,0.0369,0.0101,0.0474,-2.9769,1.4206,-6.7907,0.1023,0.0105,6.2416,6.4647
49690,736,-2.9746,1.4389,-6.1372,0.1266,0.0041,7.4337,0.0383,0.0101,0.0514,-2.9751,1.4388,-5.9259,0.1172,0.0105,7.4215,7.4335
49693,443,-2.9575,1.4366,-5.5343,0.1066,0.0034,7.0760,0.0345,0.0102,0.0504,-2.9579,1.4365,-5.4821,0.1102,0.0105,7.2498,7.0759
49695,577,-2.9546,1.4344,-5.3671,0.1049,0.0034,7.1117,0.0371,0.0100,0.0488,-2.9555,1.4342,-5.4534,0.1032,0.0105,7.2587,7.1116
49696,637,-2.9493,1.4404,-5.3347,0.1112,0.0050,7.0278,0.0372,0.0099,0.0482,-2.9492,1.4403,-5.1207,0.1122,0.0104,7.1623,7.0276
49700,51,-2.9484,1.4372,-4.7806,0.1151,0.0041,5.7754,0.0337,0.0121,0.0416,-2.9565,1.4374,-4.4800,0.1196,0.0130,5.8614,5.7753
49702,579,-2.9467,1.4339,-5.4291,0.1044,0.0031,7.1539,0.0352,0.0100,0.0493,-2.9503,1.4339,-5.3484,0.1073,0.0105,7.4382,7.1538
49703,1314,-2.9447,1.4351,-5.4647,0.1116,0.0042,6.9444,0.0350,0.0100,0.0459,-2.9457,1.4349,-5.6637,0.1123,0.0105,7.0741,6.9443
49706,4298,-2.9416,1.4316,-5.4996,0.1074,0.0051,6.3349,0.0353,0.0099,0.0477,-2.9420,1.4315,-5.5209,0.1063,0.0105,6.3021,6.3347
49707,803,-2.9729,1.4302,-5.6458,0.1141,0.0035,6.4767,0.0358,0.0100,0.0477,-2.9739,1.4302,-5.6073,0.1042,0.0105,6.4788,6.4765
49709,307,-2.9640,1.4197,-5.6796,0.0947,0.0030,5.9558,0.0324,0.0100,0.0464,-2.9627,1.4195,-5.4100,0.0902,0.0105,5.9801,5.9556
49710,1357,-2.9562,1.4220,-5.7432,0.0990,0.0036,5.8067,0.0352,0.0100,0.0473,-2.9568,1.4218,-5.7428,0.1017,0.0105,5.7786,5.8065
49726,746,-2.9876,1.4354,-5.5280,0.1338,0.0040,8.7830,0.0357,0.0101,0.0490,-2.9883,1.4353,-5.6137,0.1277,0.0105,9.3101,8.7829
49727,148,-2.9873,1.4346,-5.2607,0.1304,0.0035,7.9918,0.0410,0.0106,0.0544,-2.9966,1.4348,-5.7100,0.1297,0.0112,7.9187,7.9916
49728,118,-2.9721,1.4285,-5.1529,0.1190,0.0034,8.3416,0.0341,0.0107,0.0398,-2.9762,1.4282,-5.4400,0.1248,0.0113,8.1991,8.3415
49731,693,-2.9755,1.4337,-5.7065,0.1156,0.0032,7.3502,0.0365,0.0101,0.0488,-2.9783,1.4336,-5.7861,0.1083,0.0105,7.4220,7.3500
49733,276,-2.9557,1.4310,-4.9792,0.1098,0.0032,7.7026,0.0368,0.0100,0.0501,-2.9587,1.4311,-4.8300,0.1153,0.0105,7.7777,7.7024
49734,1662,-2.9800,1.4346,-5.5846,0.1093,0.0041,7.0366,0.0356,0.0100,0.0492,-2.9826,1.4346,-5.5915,0.1053,0.0105,6.9879,7.0364
49735,3206,-2.9784,1.4300,-5.5456,0.1157,0.0051,7.4879,0.0363,0.0100,0.0479,-2.9812,1.4300,-5.4835,0.1133,0.0105,7.4812,7.4878
49736,903,-2.9692,1.4246,-5.0597,0.1033,0.0040,7.0475,0.0366,0.0099,0.0491,-2.9661,1.4245,-4.9439,0.1043,0.0105,7.2177,7.0473
49738,332,-2.9699,1.4281,-5.6167,0.1094,0.0034,6.7097,0.0349,0.0103,0.0460,-2.9697,1.4282,-5.5016,0.1203,0.0106,6.6898,6.7095
49739,2010,-2.9785,1.4273,-5.3136,0.1040,0.0043,6.1016,0.0356,0.0100,0.0483,-2.9798,1.4272,-5.2636,0.1023,0.0105,6.1901,6.1014
49761,3346,-2.9598,1.4271,-5.9631,0.1160,0.0059,7.4793,0.0363,0.0100,0.0497,-2.9605,1.4270,-5.9983,0.1093,0.0105,7.1698,7.4792
49765,820,-2.9403,1.4238,-5.6966,0.1230,0.0048,6.5555,0.0366,0.0100,0.0494,-2.9364,1.4237,-5.7642,0.1093,0.0105,6.4524,6.5553
49766,43,-2.9035,1.4302,-5.9428,0.1368,0.0037,6.3892,0.0391,0.0129,0.0532,-2.9100,1.4300,-6.2000,0.1422,0.0139,6.9114,6.3890
49767,96,-2.9655,1.4331,-6.2527,0.1275,0.0036,7.1385,0.0398,0.0112,0.0522,-2.9558,1.4331,-6.0300,0.1250,0.0118,7.4663,7.1383
49769,3626,-2.9308,1.4265,-5.4618,0.1156,0.0048,6.0684,0.0369,0.0100,0.0483,-2.9289,1.4264,-5.4788,0.1163,0.0106,6.1686,6.0682
49782,1421,-2.9679,1.4218,-5.3961,0.0960,0.0042,5.6850,0.0349,0.0100,0.0469,-2.9699,1.4218,-5.4529,0.0922,0.0105,5.7511,5.6848
49783,236,-2.9708,1.4231,-5.2531,0.0966,0.0029,6.2355,0.0330,0.0102,0.0460,-2.9762,1.4232,-5.1400,0.0983,0.0107,6.2126,6.2353
49785,126,-2.9684,1.4209,-5.2084,0.0966,0.0037,5.8274,0.0343,0.0108,0.0525,-2.9568,1.4206,-5.3900,0.0997,0.0114,5.9006,5.8272
49788,738,-2.9695,1.4283,-6.0200,0.1014,0.0031,5.7580,0.0355,0.0101,0.0495,-2.9715,1.4281,-5.9647,0.1093,0.0105,5.7157,5.7578
49797,276,-2.9753,1.4329,-5.9973,0.1390,0.0032,7.8611,0.0368,0.0101,0.0440,-2.9685,1.4331,-6.3100,0.1414,0.0106,7.5509,7.8610
49801,145,-2.9884,1.4293,-6.9188,0.1516,0.0034,8.8649,0.0371,0.0106,0.0502,-2.9885,1.4290,-6.5500,0.1437,0.0111,8.9110,8.8647
49803,688,-2.9848,1.4330,-5.2658,0.1300,0.0049,8.3395,0.0356,0.0101,0.0496,-2.9867,1.4328,-4.9240,0.1223,0.0105,8.0683,8.3394
49804,2982,-2.9767,1.4356,-5.3249,0.1160,0.0037,7.5280,0.0365,0.0099,0.0491,-2.9773,1.4355,-5.3364,0.1212,0.0104,7.5408,7.5278
49805,448,-2.9948,1.4295,-5.0190,0.1167,0.0034,7.1235,0.0371,0.0101,0.0508,-2.9909,1.4294,-5.0965,0.1163,0.0105,7.0773,7.1233
49807,106,-2.9832,1.4317,-5.7189,0.0918,0.0036,7.6262,0.0351,0.0107,0.0530,-2.9820,1.4319,-5.9800,0.0887,0.0114,7.5127,7.6261
49808,1516,-2.9758,1.4275,-5.4499,0.1114,0.0038,7.0299,0.0364,0.0099,0.0490,-2.9758,1.4274,-5.4178,0.1143,0.0105,7.3321,7.0298
49810,85,-2.9692,1.4234,-6.8503,0.1146,0.0041,6.7606,0.0380,0.0111,0.0442,-2.9666,1.4238,-6.9600,0.1241,0.0119,7.1390,6.7605
49811,1161,-2.9803,1.4273,-5.6781,0.1066,0.0041,7.1038,0.0344,0.0099,0.0486,-2.9807,1.4272,-5.5444,0.1053,0.0105,6.9337,7.1037
49812,51,-2.9609,1.4333,-4.9250,0.1218,0.0031,6.0407,0.0381,0.0132,0.0487,-2.9708,1.4338,-5.2800,0.1309,0.0140,6.6117,6.0405
49813,277,-2.9952,1.4290,-5.8830,0.1186,0.0032,6.7336,0.0356,0.0099,0.0428,-2.9971,1.4288,-5.8100,0.1243,0.0105,6.6918,6.7334
49814,1325,-2.9834,1.4206,-5.5823,0.1148,0.0052,7.0698,0.0357,0.0100,0.0465,-2.9859,1.4205,-5.5434,0.1204,0.0106,7.0876,7.0696
49820,341,-2.9905,1.4304,-2.4836,0.1344,0.0043,9.0715,0.0373,0.0103,0.0499,-2.9974,1.4305,-2.8380,0.1243,0.0105,9.4816,9.0714
49826,4896,-2.9720,1.4253,-5.9003,0.1313,0.0046,7.9189,0.0371,0.0100,0.0488,-2.9726,1.4253,-5.9623,0.1313,0.0105,7.7576,7.9187
49827,50,-2.9921,1.4241,-5.1253,0.1184,0.0045,6.6940,0.0409,0.0116,0.0465,-3.0035,1.4249,-4.8500,0.1207,0.0125,6.7377,6.6939
49831,432,-2.9759,1.4219,-5.9845,0.1168,0.0032,7.2169,0.0376,0.0102,0.0518,-2.9780,1.4218,-5.8832,0.1163,0.0105,6.9170,7.2167
49834,1974,-2.9657,1.4225,-5.4123,0.1097,0.0042,7.2001,0.0354,0.0100,0.0476,-2.9663,1.4225,-5.4407,0.1043,0.0105,7.0595,7.2000
49836,594,-2.9543,1.4258,-5.5524,0.1118,0.0031,7.2064,0.0349,0.0100,0.0495,-2.9525,1.4258,-5.4645,0.1053,0.0105,7.3001,7.2062
49837,2069,-2.9770,1.4249,-5.2787,0.1093,0.0038,6.7215,0.0360,0.0100,0.0486,-2.9755,1.4248,-5.1908,0.1163,0.0105,6.5069,6.7214
49838,574,-2.9763,1.4243,-5.4619,0.1039,0.0031,6.2281,0.0355,0.0100,0.0467,-2.9791,1.4242,-5.4850,0.1133,0.0105,6.3849,6.2279
49844,314,-2.9737,1.4245,-5.6839,0.0920,0.0032,6.1670,0.0344,0.0099,0.0495,-2.9713,1.4245,-5.7500,0.0932,0.0105,6.1008,6.1668
49846,304,-2.9706,1.4234,-4.9274,0.0873,0.0029,5.8627,0.0320,0.0099,0.0467,-2.9704,1.4233,-4.9800,0.0892,0.0105,6.0180,5.8625
49847,74,-2.9819,1.4290,-5.2536,0.0894,0.0034,6.1153,0.0330,0.0114,0.0456,-2.9765,1.4288,-5.3600,0.0909,0.0121,6.5577,6.1151
49848,480,-2.9669,1.4278,-5.2553,0.0967,0.0032,6.2661,0.0357,0.0100,0.0523,-2.9628,1.4276,-5.5160,0.1023,0.0105,6.2614,6.2659
49849,129,-3.0075,1.4272,-5.4120,0.1525,0.0035,7.5656,0.0393,0.0105,0.0484,-3.0193,1.4274,-4.3800,0.1499,0.0112,7.5145,7.5655
49850,655,-2.9824,1.4223,-5.0112,0.1391,0.0042,7.5701,0.0383,0.0104,0.0502,-2.9815,1.4223,-4.7828,0.1436,0.0109,7.3810,7.5699
49863,195,-2.9780,1.4356,-5.2045,0.1120,0.0033,6.7549,0.0355,0.0103,0.0449,-2.9786,1.4361,-4.9000,0.1134,0.0108,6.9420,6.7548
49865,194,-2.9791,1.4392,-5.4069,0.1181,0.0030,7.6200,0.0361,0.0103,0.0511,-2.9759,1.4395,-5.2500,0.1184,0.0108,7.5611,7.6198
49868,203,-2.9770,1.4326,-4.6879,0.1368,0.0031,7.7827,0.0377,0.0101,0.0466,-2.9696,1.4330,-4.4600,0.1375,0.0108,8.0918,7.7825
49874,183,-2.9690,1.4305,-4.6512,0.1096,0.0034,6.9660,0.0368,0.0102,0.0456,-2.9692,1.4306,-4.7000,0.1085,0.0108,7.2500,6.9658
49876,689,-2.9611,1.4278,-5.3191,0.1141,0.0042,6.6804,0.0369,0.0100,0.0491,-2.9613,1.4278,-5.4020,0.1179,0.0105,6.5752,6.6802
49879,320,-2.9451,1.4198,-5.6131,0.1023,0.0032,6.8279,0.0349,0.0100,0.0486,-2.9422,1.4195,-5.7500,0.1023,0.0105,6.9353,6.8277
49880,1017,-2.9663,1.4238,-3.0478,0.1025,0.0041,7.2422,0.0353,0.0100,0.0485,-2.9646,1.4238,-2.9425,0.1062,0.0105,7.2388,7.2420
49889,370,-2.9613,1.4290,-5.8612,0.1112,0.0034,6.1576,0.0397,0.0103,0.0533,-2.9641,1.4289,-5.5429,0.1173,0.0105,5.8890,6.1574
49897,980,-2.9677,1.4302,-6.2637,0.1437,0.0032,8.1345,0.0385,0.0099,0.0493,-2.9658,1.4302,-6.1553,0.1483,0.0105,8.3568,8.1343
49902,53,-2.9740,1.4251,-6.2010,0.1129,0.0045,8.3525,0.0325,0.0114,0.0372,-2.9687,1.4245,-6.3300,0.1027,0.0124,8.5330,8.3524
49904,1969,-2.9595,1.4253,-6.0140,0.1321,0.0049,7.9122,0.0370,0.0101,0.0487,-2.9613,1.4253,-6.0958,0.1293,0.0105,7.8900,7.9120
49907,88,-2.9650,1.4250,-7.1230,0.0942,0.0034,6.4145,0.0307,0.0109,0.0439,-2.9608,1.4247,-7.3900,0.0898,0.0116,6.5014,6.4144
49910,6214,-2.9776,1.4226,-6.1592,0.1149,0.0042,6.7708,0.0362,0.0100,0.0488,-2.9771,1.4224,-6.1657,0.1133,0.0105,6.7191,6.7706
49959,264,-3.0006,1.4242,-5.4178,0.1252,0.0032,8.6015,0.0349,0.0100,0.0433,-2.9981,1.4240,-5.4200,0.1233,0.0106,8.8530,8.6014
49960,59,-2.8605,1.4277,-7.5077,0.0996,0.0041,7.0392,0.0358,0.0115,0.0536,-2.8602,1.4275,-8.1400,0.0994,0.0125,7.1223,7.0390
49961,566,-2.9741,1.4225,-6.0131,0.1225,0.0030,7.6166,0.0359,0.0101,0.0470,-2.9777,1.4223,-5.9302,0.1333,0.0106,7.2473,7.6164
49962,602,-2.9495,1.4220,-6.5805,0.1351,0.0065,7.6719,0.0368,0.0103,0.0482,-2.9494,1.4218,-6.6449,0.1253,0.0105,7.2460,7.6717
49964,616,-2.9869,1.4217,-6.2556,0.1210,0.0035,7.4104,0.0362,0.0100,0.0493,-2.9868,1.4216,-6.1905,0.1183,0.0105,7.4266,7.4103
49965,536,-2.9736,1.4205,-5.7354,0.1239,0.0034,7.6534,0.0369,0.0100,0.0462,-2.9785,1.4203,-5.7040,0.1263,0.0105,7.7621,7.6532
49967,749,-2.9859,1.4200,-5.9652,0.1245,0.0032,7.3651,0.0361,0.0101,0.0481,-2.9884,1.4198,-5.9983,0.1251,0.0105,7.2871,7.3649
49969,495,-2.9818,1.4260,-5.9828,0.1169,0.0053,7.4924,0.0362,0.0100,0.0463,-2.9819,1.4258,-5.8332,0.1153,0.0105,7.1126,7.4923
49970,2766,-2.9815,1.4239,-5.9166,0.1145,0.0037,7.1642,0.0358,0.0100,0.0469,-2.9820,1.4238,-5.8109,0.1092,0.0105,7.1518,7.1641
49971,513,-2.9695,1.4262,-6.1987,0.1047,0.0034,7.0456,0.0356,0.0101,0.0500,-2.9664,1.4263,-6.2604,0.1123,0.0105,7.2320,7.0454
49972,86,-3.0035,1.4326,-6.4091,0.0891,0.0031,7.0243,0.0296,0.0113,0.0443,-2.9968,1.4327,-6.4600,0.0939,0.0120,7.4045,7.0242
49973,2105,-2.9853,1.4294,-5.7183,0.1058,0.0061,6.6805,0.0360,0.0100,0.0490,-2.9843,1.4294,-5.7637,0.1072,0.0105,6.7291,6.6803
49975,2731,-2.9631,1.4261,-6.1658,0.1074,0.0073,6.0649,0.0350,0.0100,0.0478,-2.9628,1.4260,-6.1349,0.1073,0.0105,6.0969,6.0647
49980,894,-3.0016,1.4240,-6.3845,0.1479,0.0031,8.5328,0.0398,0.0100,0.0511,-3.0018,1.4239,-6.4222,0.1373,0.0105,8.4866,8.5327
49981,49,-2.9557,1.4209,-6.0623,0.1320,0.0044,7.8524,0.0394,0.0119,0.0589,-2.9631,1.4204,-5.0900,0.1331,0.0129,8.4227,7.8522
49982,4456,-2.9669,1.4250,-6.2703,0.1171,0.0040,7.0287,0.0366,0.0100,0.0489,-2.9654,1.4249,-6.1793,0.1193,0.0105,6.9581,7.0285
49989,125,-2.9794,1.4311,-6.5393,0.0942,0.0033,6.3176,0.0340,0.0104,0.0443,-2.9767,1.4312,-6.8800,0.0986,0.0111,6.0240,6.3175
49996,1781,-2.9949,1.4209,-6.3016,0.1040,0.0048,6.4740,0.0352,0.0099,0.0468,-2.9970,1.4208,-6.2299,0.1083,0.0105,6.4268,6.4739
50014,55,-2.9953,1.4246,-5.6145,0.0874,0.0056,5.7982,0.0344,0.0117,0.0504,-2.9927,1.4246,-5.8700,0.0892,0.0126,5.9747,5.7980
50252,93,-3.0683,1.4586,-3.3641,0.1417,0.0034,8.6840,0.0332,0.0111,0.0418,-3.0742,1.4586,-2.7000,0.1350,0.0118,8.6135,8.6839
50255,46,-3.0641,1.4491,-5.1499,0.1250,0.0039,9.2902,0.0345,0.0120,0.0433,-3.0696,1.4493,-4.9500,0.1248,0.0130,9.4880,9.2901
50258,625,-3.0013,1.4384,-4.9789,0.1271,0.0036,8.7486,0.0374,0.0100,0.0474,-3.0031,1.4384,-5.0476,0.1213,0.0105,9.0635,8.7484
50262,236,-2.9901,1.4334,-3.2353,0.1266,0.0029,8.2006,0.0402,0.0102,0.0507,-2.9876,1.4333,-3.1000,0.1324,0.0107,8.6716,8.2005
50263,185,-2.9828,1.4350,-3.6429,0.1156,0.0031,6.6487,0.0392,0.0103,0.0524,-2.9878,1.4348,-3.6200,0.1235,0.0109,6.8212,6.6485
50265,26,-2.9582,1.4477,-0.9101,0.1060,0.0053,7.7796,0.0360,0.0150,0.0395,-2.9479,1.4481,-0.8600,0.1113,0.0162,8.3598,7.7795
50266,38,-2.9811,1.4345,-4.5293,0.1214,0.0043,7.7512,0.0330,0.0135,0.0450,-2.9894,1.4357,-5.6000,0.1339,0.0144,7.7509,7.7511
50267,119,-3.0108,1.4239,-2.8512,0.1318,0.0035,7.6504,0.0404,0.0106,0.0521,-3.0010,1.4233,-3.2600,0.1379,0.0112,7.4021,7.6502
50275,37,-2.9918,1.4348,-2.3110,0.1297,0.0044,8.5305,0.0399,0.0126,0.0446,-2.9893,1.4338,-2.5100,0.1325,0.0138,9.0121,8.5304
50277,37,-2.9715,1.4271,-4.1497,0.1339,0.0068,6.7157,0.0387,0.0147,0.0571,-2.9701,1.4262,-4.5300,0.1350,0.0157,6.8828,6.7154
50278,153,-2.9693,1.4308,-3.8299,0.1195,0.0035,7.7289,0.0383,0.0101,0.0499,-2.9719,1.4307,-4.0000,0.1226,0.0109,7.7997,7.7288
50279,33,-2.9891,1.4437,-3.0367,0.1450,0.0051,6.5381,0.0442,0.0131,0.0537,-2.9908,1.4446,-2.8100,0.1551,0.0143,7.0694,6.5379
50293,541,-2.9629,1.4302,-3.5852,0.1237,0.0044,7.5401,0.0370,0.0104,0.0496,-2.9673,1.4300,-3.4992,0.1216,0.0109,7.5329,7.5399
50294,28,-3.0006,1.4365,-5.5402,0.1332,0.0073,4.6899,0.0368,0.0152,0.0635,-2.9884,1.4360,-5.6500,0.1562,0.0170,4.5516,4.6894
50310,42,-2.9737,1.4286,-3.0600,0.1422,0.0044,8.3454,0.0444,0.0139,0.0652,-2.9714,1.4280,-0.3900,0.1356,0.0148,7.1910,8.3452
50312,168,-2.9860,1.4244,-2.6450,0.1122,0.0036,7.0646,0.0377,0.0104,0.0476,-2.9782,1.4244,-3.0300,0.1195,0.0110,6.8365,7.0644
50315,46,-2.9928,1.4358,-3.6640,0.1091,0.0036,7.4372,0.0358,0.0127,0.0500,-3.0176,1.4361,-5.2800,0.1131,0.0136,7.2491,7.4370
50316,321,-2.9836,1.4260,-2.4439,0.1108,0.0033,7.0688,0.0346,0.0103,0.0503,-2.9828,1.4259,-2.4056,0.1204,0.0107,7.3282,7.0686
50339,453,-3.0043,1.4416,-2.0508,0.1317,0.0030,9.4749,0.0379,0.0101,0.0494,-3.0035,1.4413,-1.9151,0.1333,0.0105,9.4105,9.4748
50345,468,-3.0025,1.4489,-2.9022,0.1352,0.0039,8.8605,0.0361,0.0101,0.0487,-3.0049,1.4490,-3.0908,0.1343,0.0105,9.0196,8.8604
50346,405,-2.9962,1.4432,-3.1340,0.1379,0.0036,7.8779,0.0390,0.0102,0.0533,-2.9937,1.4433,-2.9656,0.1323,0.0105,7.9863,7.8777
50347,250,-2.9906,1.4398,-3.4657,0.1394,0.0033,7.2611,0.0395,0.0100,0.0479,-2.9867,1.4394,-3.4400,0.1364,0.0106,7.2403,7.2609
50348,163,-2.9836,1.4393,-3.2541,0.1126,0.0029,7.9947,0.0397,0.0105,0.0502,-2.9852,1.4390,-3.2600,0.1136,0.0111,8.0374,7.9945
50350,1738,-2.9864,1.4431,-3.0298,0.1377,0.0043,7.6786,0.0371,0.0100,0.0470,-2.9851,1.4430,-3.0021,0.1403,0.0105,7.8579,7.6784
50351,627,-2.9824,1.4438,-3.0358,0.1232,0.0030,6.9526,0.0359,0.0100,0.0474,-2.9851,1.4436,-3.1848,0.1243,0.0105,6.9677,6.9524
50352,354,-2.9854,1.4347,-0.9216,0.1289,0.0032,7.6254,0.0391,0.0104,0.0506,-2.9844,1.4346,-0.8200,0.1283,0.0106,7.8000,7.6252
50357,775,-2.9877,1.4314,-0.7770,0.1125,0.0042,6.5621,0.0364,0.0100,0.0485,-2.9838,1.4315,-0.8327,0.1133,0.0105,6.6921,6.5619
50359,753,-2.9887,1.4249,-0.2558,0.1091,0.0040,6.5669,0.0362,0.0100,0.0487,-2.9868,1.4247,-0.1514,0.1123,0.0105,6.3982,6.5668
50360,104,-2.9648,1.4217,-0.4337,0.0821,0.0034,6.4518,0.0335,0.0105,0.0448,-2.9650,1.4216,-0.5200,0.0857,0.0113,6.8728,6.4517
50363,384,-2.9778,1.4290,-0.5306,0.1026,0.0048,6.2619,0.0361,0.0101,0.0487,-2.9799,1.4292,-0.5594,0.1053,0.0105,6.3606,6.2617
50366,241,-2.9802,1.4295,-0.7538,0.1068,0.0031,6.3897,0.0370,0.0100,0.0495,-2.9779,1.4296,-0.9200,0.1053,0.0106,6.1520,6.3895
50367,730,-2.9767,1.4338,-0.6599,0.1088,0.0032,6.3711,0.0363,0.0100,0.0479,-2.9775,1.4337,-0.6276,0.1063,0.0106,6.2378,6.3709
50368,12,-2.9937,1.4281,-3.0275,0.0914,0.0069,3.0889,0.0397,0.0183,0.0705,-2.9818,1.4286,-2.3600,0.0978,0.0209,3.2177,3.0881
50369,61,-2.9818,1.4291,1.6119,0.1210,0.0041,6.2496,0.0378,0.0114,0.0562,-2.9841,1.4282,1.6000,0.1153,0.0123,6.2392,6.2494
50370,13,-3.0547,1.4340,0.0429,0.1499,0.0057,7.0578,0.0424,0.0150,0.0420,-3.0639,1.4375,0.6900,0.1900,0.0177,7.7947,7.0576
50371,469,-2.9727,1.4330,1.1979,0.1283,0.0038,6.4306,0.0358,0.0101,0.0474,-2.9777,1.4328,0.9585,0.1213,0.0106,6.1923,6.4305
50372,299,-2.9755,1.4264,1.4152,0.1212,0.0035,6.7618,0.0364,0.0105,0.0500,-2.9786,1.4262,1.3808,0.1254,0.0107,7.0461,6.7617
50377,761,-2.9765,1.4265,1.1517,0.1103,0.0041,6.8070,0.0366,0.0102,0.0493,-2.9776,1.4266,1.0619,0.1184,0.0107,6.5890,6.8068
50384,1083,-3.0096,1.4335,1.6528,0.1320,0.0046,9.0435,0.0370,0.0100,0.0472,-3.0088,1.4336,1.7407,0.1263,0.0106,8.8953,9.0434
50386,38,-3.0222,1.4291,0.6420,0.0983,0.0046,6.5900,0.0404,0.0123,0.0537,-3.0211,1.4284,0.0400,0.1151,0.0134,6.7970,6.5898
50387,1185,-2.9988,1.4289,2.0046,0.1229,0.0036,8.6516,0.0362,0.0101,0.0474,-2.9985,1.4289,2.0363,0.1193,0.0105,8.6405,8.6515
50390,549,-2.9864,1.4337,0.1907,0.1067,0.0033,6.9365,0.0342,0.0100,0.0474,-2.9842,1.4337,0.1478,0.1072,0.0104,7.2187,6.9363
50391,401,-2.9885,1.4342,-1.0068,0.1182,0.0046,7.1329,0.0360,0.0102,0.0482,-2.9909,1.4343,-0.9889,0.1233,0.0106,7.4106,7.1328
50402,292,-2.9960,1.4480,-2.3949,0.1684,0.0032,8.8980,0.0411,0.0101,0.0461,-2.9967,1.4479,-2.0000,0.1734,0.0106,8.8364,8.8979
50414,259,-2.9545,1.4508,-0.4256,0.1492,0.0032,9.3500,0.0373,0.0101,0.0477,-2.9613,1.4507,-0.3100,0.1544,0.0107,9.2272,9.3499
50417,94,-3.0088,1.4384,-1.3418,0.1574,0.0028,8.5882,0.0390,0.0110,0.0541,-3.0074,1.4380,-1.4700,0.1621,0.0117,8.1797,8.5880
50443,2146,-2.9581,1.4284,-3.8657,0.1190,0.0044,8.5565,0.0372,0.0101,0.0493,-2.9601,1.4282,-3.7682,0.1213,0.0106,8.5234,8.5564
50445,376,-2.9825,1.4230,-4.1268,0.1009,0.0039,8.0334,0.0361,0.0102,0.0524,-2.9827,1.4228,-4.0260,0.1063,0.0106,8.5637,8.0332
50447,537,-2.9929,1.4236,-1.9708,0.0997,0.0040,7.5360,0.0347,0.0102,0.0481,-2.9938,1.4236,-2.0985,0.0973,0.0107,7.4881,7.5358
50471,242,-2.9863,1.4219,-5.4196,0.0957,0.0033,6.5414,0.0342,0.0101,0.0480,-2.9818,1.4220,-5.6700,0.1013,0.0107,6.6596,6.5412
50541,2216,-3.0082,1.4344,-5.9983,0.1369,0.0080,8.5465,0.0371,0.0101,0.0492,-3.0096,1.4344,-5.9109,0.1394,0.0106,8.4692,8.5464
50543,398,-3.0028,1.4259,-5.4365,0.1303,0.0043,8.1160,0.0368,0.0103,0.0486,-3.0054,1.4260,-5.5834,0.1364,0.0106,8.4326,8.1159
50544,1524,-2.9981,1.4253,-5.5040,0.1332,0.0051,8.0619,0.0372,0.0100,0.0487,-3.0008,1.4253,-5.5733,0.1333,0.0105,8.1430,8.0618
50545,4041,-2.9963,1.4201,-5.8237,0.1154,0.0046,7.2020,0.0349,0.0100,0.0465,-2.9939,1.4200,-5.7957,0.1083,0.0105,7.3201,7.2018
50546,7468,-2.9893,1.4161,-5.9627,0.0973,0.0039,6.0559,0.0351,0.0100,0.0486,-2.9895,1.4161,-5.9719,0.0992,0.0105,6.0090,6.0558
50547,523,-2.9715,1.4106,-5.6107,0.0980,0.0036,5.9337,0.0348,0.0100,0.0476,-2.9702,1.4105,-5.6723,0.0963,0.0105,6.1919,5.9335
50554,260,-2.9517,1.4173,-5.6360,0.0844,0.0030,5.3939,0.0346,0.0099,0.0568,-2.9554,1.4173,-5.4500,0.0903,0.0106,5.5381,5.3936
50574,867,-3.0048,1.4232,-6.2311,0.1704,0.0043,8.6484,0.0408,0.0101,0.0486,-3.0004,1.4231,-6.0500,0.1734,0.0106,8.9994,8.6483
50575,240,-3.0035,1.4205,-6.4973,0.1420,0.0032,8.6682,0.0396,0.0104,0.0560,-3.0072,1.4202,-6.7100,0.1384,0.0108,9.0282,8.6680
50583,238,-2.9950,1.4197,-7.3048,0.1358,0.0034,7.8859,0.0417,0.0122,0.0537,-3.0035,1.4201,-7.9234,0.1358,0.0117,7.9912,7.8857
50584,113,-3.0145,1.4151,-5.5747,0.1494,0.0032,8.5435,0.0424,0.0126,0.0555,-3.0176,1.4145,-5.3200,0.1567,0.0131,8.3376,8.5433
50586,721,-2.9763,1.4168,-6.0977,0.1514,0.0034,7.7014,0.0392,0.0102,0.0492,-2.9777,1.4166,-5.8116,0.1444,0.0107,7.4947,7.7013
50587,1446,-3.0135,1.4109,-6.0245,0.1181,0.0035,7.4326,0.0358,0.0100,0.0486,-3.0126,1.4107,-6.0853,0.1143,0.0105,7.2426,7.4324
50598,145,-2.9989,1.4119,-6.0104,0.1123,0.0031,6.0623,0.0373,0.0104,0.0500,-2.9882,1.4118,-6.3000,0.1166,0.0110,6.2162,6.0621
50599,1153,-2.9876,1.4109,-5.9717,0.1035,0.0048,6.4617,0.0359,0.0100,0.0499,-2.9862,1.4109,-6.0577,0.1053,0.0105,6.6121,6.4615
50600,1228,-2.9805,1.4121,-8.2333,0.1008,0.0053,6.7011,0.0361,0.0100,0.0484,-2.9805,1.4121,-8.2060,0.1042,0.0105,6.7634,6.7010
50602,767,-2.9741,1.4102,-8.9691,0.0971,0.0046,6.5042,0.0357,0.0100,0.0489,-2.9717,1.4102,-8.7230,0.1033,0.0105,6.5724,6.5040
50603,592,-2.9723,1.4135,-10.6700,0.0919,0.0034,6.4714,0.0343,0.0099,0.0499,-2.9724,1.4135,-10.5936,0.0952,0.0104,6.4292,6.4712
50639,451,-3.0024,1.4225,-5.3309,0.0953,0.0063,5.8155,0.0338,0.0101,0.0465,-3.0054,1.4226,-5.4715,0.0973,0.0105,6.0296,5.8154
50640,1054,-2.9972,1.4188,-7.6080,0.1179,0.0060,6.6217,0.0372,0.0101,0.0485,-3.0008,1.4188,-7.4692,0.1204,0.0107,6.3742,6.6215
50646,2150,-3.0002,1.4238,-6.3370,0.1120,0.0050,7.2596,0.0370,0.0100,0.0514,-2.9996,1.4238,-6.3872,0.1113,0.0105,7.3108,7.2594
50647,88,-2.9789,1.4081,-5.2032,0.1018,0.0034,7.7332,0.0357,0.0110,0.0506,-2.9867,1.4081,-5.8600,0.1009,0.0117,7.7920,7.7331
50648,128,-2.9885,1.4202,-4.6313,0.1170,0.0037,6.5961,0.0354,0.0107,0.0454,-2.9995,1.4204,-4.3200,0.1107,0.0113,6.6478,6.5959
50649,8170,-2.9878,1.4139,-6.3925,0.1126,0.0050,6.3468,0.0364,0.0100,0.0501,-2.9881,1.4138,-6.3843,0.1173,0.0105,6.3806,6.3466
50650,207,-2.9985,1.3987,-5.6714,0.1204,0.0031,5.5500,0.0367,0.0103,0.0496,-2.9999,1.3988,-5.6000,0.1214,0.0108,5.4462,5.5498
50651,218,-2.9723,1.4085,-6.4699,0.1026,0.0032,5.7951,0.0361,0.0101,0.0480,-2.9732,1.4086,-6.6100,0.1034,0.0107,5.9433,5.7949
50660,1965,-3.0019,1.4264,-5.4510,0.1348,0.0053,8.7000,0.0368,0.0101,0.0492,-3.0044,1.4264,-5.3818,0.1353,0.0106,8.7469,8.6998
50663,105,-2.9995,1.4290,-5.8462,0.1438,0.0031,9.1628,0.0421,0.0108,0.0501,-3.0002,1.4293,-5.4700,0.1530,0.0116,8.9148,9.1627
50674,241,-3.0468,1.4291,-6.2492,0.1668,0.0032,9.0555,0.0389,0.0101,0.0482,-3.0441,1.4293,-5.7400,0.1625,0.0107,9.2456,9.0553
50675,2972,-3.0042,1.4260,-7.4471,0.1510,0.0042,9.1448,0.0396,0.0100,0.0505,-3.0042,1.4260,-7.4147,0.1513,0.0105,8.7363,9.1447
50677,1718,-2.9888,1.4184,-9.4637,0.1427,0.0048,8.7141,0.0384,0.0100,0.0512,-2.9885,1.4184,-9.3366,0.1503,0.0105,8.8685,8.7139
50678,146,-3.0031,1.4134,-10.2655,0.1357,0.0034,8.4017,0.0397,0.0106,0.0472,-3.0074,1.4131,-10.1000,0.1457,0.0112,8.4113,8.4015
50680,2582,-2.9654,1.4169,-9.7947,0.1181,0.0035,7.4665,0.0368,0.0100,0.0501,-2.9681,1.4168,-9.7975,0.1243,0.0105,7.7243,7.4664
50681,2029,-2.9601,1.4141,-9.7161,0.1173,0.0045,6.3882,0.0362,0.0100,0.0484,-2.9601,1.4140,-9.6789,0.1143,0.0105,6.1508,6.3880
50683,380,-3.0247,1.4139,-10.2871,0.1136,0.0062,6.6248,0.0374,0.0102,0.0491,-3.0238,1.4140,-10.2743,0.1073,0.0105,6.6463,6.6246
50700,376,-2.9991,1.4262,-6.3599,0.1393,0.0058,8.3330,0.0355,0.0103,0.0462,-2.9967,1.4260,-6.3332,0.1513,0.0106,8.1653,8.3329
50702,2496,-2.9956,1.4204,-6.3729,0.1245,0.0034,8.1602,0.0379,0.0099,0.0500,-2.9957,1.4203,-6.4076,0.1263,0.0105,8.3011,8.1601
50703,77,-2.9890,1.4235,-5.2645,0.1132,0.0038,6.7658,0.0387,0.0108,0.0544,-2.9761,1.4235,-5.0800,0.1161,0.0117,6.9462,6.7656
50704,2313,-2.8949,1.4246,-6.5781,0.1266,0.0039,7.2938,0.0360,0.0100,0.0474,-2.8949,1.4246,-6.4360,0.1163,0.0105,7.0917,7.2937
50718,6997,-2.9991,1.4304,-6.3748,0.1218,0.0088,7.2898,0.0364,0.0100,0.0482,-2.9991,1.4303,-6.4091,0.1153,0.0105,7.2104,7.2896
50719,3511,-3.0056,1.4286,-6.5222,0.0979,0.0046,6.0607,0.0349,0.0100,0.0488,-3.0051,1.4285,-6.4906,0.0982,0.0105,6.0310,6.0605
50723,870,-3.0005,1.4351,-6.1077,0.1408,0.0059,8.2910,0.0384,0.0100,0.0512,-2.9991,1.4351,-6.1506,0.1464,0.0105,8.4137,8.2908
50724,2722,-2.9870,1.4390,-6.3360,0.1340,0.0041,8.1637,0.0379,0.0100,0.0501,-2.9870,1.4390,-6.3722,0.1293,0.0105,8.2051,8.1635
50725,1754,-3.0091,1.4395,-6.4554,0.1161,0.0039,7.1053,0.0364,0.0100,0.0500,-3.0095,1.4395,-6.4774,0.1223,0.0105,7.2498,7.1052
50732,1610,-3.0121,1.4304,-6.5077,0.1208,0.0037,7.8739,0.0360,0.0101,0.0483,-3.0098,1.4303,-6.5496,0.1143,0.0105,7.8910,7.8738
50745,125,-3.0281,1.4438,-5.4140,0.1310,0.0034,9.3299,0.0356,0.0105,0.0463,-3.0299,1.4436,-6.0400,0.1267,0.0112,9.2757,9.3298
50746,1099,-3.0056,1.4394,-6.4372,0.1369,0.0042,8.3989,0.0368,0.0101,0.0485,-3.0024,1.4393,-6.3311,0.1343,0.0105,8.7279,8.3988
50751,990,-2.9842,1.4330,-6.5897,0.1152,0.0050,7.2945,0.0379,0.0101,0.0507,-2.9842,1.4329,-6.5174,0.1173,0.0106,7.4079,7.2944
50753,419,-2.9966,1.4301,-6.5708,0.1154,0.0047,7.1330,0.0361,0.0102,0.0462,-3.0021,1.4301,-6.6112,0.1183,0.0105,6.9204,7.1329
50756,740,-2.9849,1.4323,-6.9106,0.1161,0.0040,7.1235,0.0355,0.0101,0.0496,-2.9841,1.4322,-6.8669,0.1165,0.0106,7.2177,7.1234
50757,342,-2.9929,1.4264,-6.1841,0.1174,0.0041,7.2322,0.0371,0.0103,0.0476,-2.9928,1.4263,-6.0721,0.1233,0.0105,7.1881,7.2320
50759,156,-2.9956,1.4343,-7.1210,0.1075,0.0036,6.6193,0.0328,0.0102,0.0430,-2.9993,1.4343,-7.2100,0.1095,0.0109,6.5609,6.6192
50762,421,-3.0048,1.4297,-6.4519,0.1165,0.0053,6.2823,0.0377,0.0101,0.0487,-3.0052,1.4298,-6.4966,0.1163,0.0105,6.3689,6.2821
50763,46,-3.0134,1.4292,-9.3187,0.0937,0.0039,7.0403,0.0379,0.0117,0.0566,-3.0158,1.4292,-9.0700,0.0927,0.0128,7.4292,7.0401
50766,121,-2.9832,1.4264,-7.4093,0.1011,0.0036,6.7789,0.0376,0.0106,0.0513,-2.9866,1.4264,-7.6300,0.1078,0.0113,6.5643,6.7787
50767,1028,-3.0001,1.4249,-2.3202,0.1018,0.0044,8.6176,0.0359,0.0102,0.0490,-3.0008,1.4248,-2.2191,0.1053,0.0108,8.0607,8.6175
50771,114,-3.0170,1.4256,-5.6451,0.1084,0.0032,6.3340,0.0381,0.0108,0.0560,-3.0133,1.4252,-5.5800,0.1168,0.0114,6.6390,6.3337
50774,149,-3.0068,1.4246,-6.0586,0.1120,0.0033,7.4152,0.0374,0.0103,0.0450,-3.0124,1.4248,-5.6000,0.1106,0.0110,7.5518,7.4150
50775,501,-2.9821,1.4235,-6.1811,0.1190,0.0034,6.7537,0.0377,0.0101,0.0546,-2.9884,1.4233,-6.1811,0.1023,0.0106,6.4094,6.7535
50776,1140,-2.9869,1.4267,-6.6777,0.1265,0.0034,6.4804,0.0378,0.0100,0.0510,-2.9888,1.4266,-6.6406,0.1404,0.0105,6.5958,6.4802
50777,42,-2.9283,1.4307,-6.8680,0.1203,0.0056,6.3486,0.0427,0.0119,0.0510,-2.9342,1.4300,-6.0300,0.1412,0.0132,6.2462,6.3484
50787,77,-2.9693,1.4202,-6.9785,0.0964,0.0043,5.7253,0.0301,0.0114,0.0389,-2.9703,1.4192,-7.2300,0.0969,0.0121,5.6515,5.7251
50789,173,-2.9680,1.4259,-5.4849,0.1076,0.0037,6.2255,0.0342,0.0102,0.0496,-2.9663,1.4259,-5.3400,0.1085,0.0109,6.1582,6.2253
50790,185,-2.9807,1.4287,-5.8574,0.1109,0.0035,5.2338,0.0368,0.0102,0.0514,-2.9729,1.4285,-5.8700,0.1125,0.0109,5.3003,5.2336
50802,477,-2.9952,1.4273,-7.5122,0.1573,0.0035,7.7245,0.0381,0.0101,0.0498,-2.9942,1.4275,-7.7112,0.1384,0.0106,7.4325,7.7244
50804,1222,-2.9904,1.4214,-6.6644,0.1194,0.0056,7.8388,0.0372,0.0101,0.0500,-2.9920,1.4215,-6.5997,0.1169,0.0105,7.9015,7.8387
50805,1775,-2.9816,1.4320,-6.7935,0.1143,0.0049,7.2558,0.0365,0.0101,0.0509,-2.9822,1.4319,-6.8164,0.1157,0.0106,7.4708,7.2556
50806,1219,-2.9669,1.4267,-6.8257,0.1032,0.0051,6.4302,0.0355,0.0101,0.0481,-2.9703,1.4266,-6.7358,0.1013,0.0106,6.2721,6.4300
50808,3617,-2.9829,1.4249,-6.8272,0.0906,0.0045,5.9446,0.0342,0.0100,0.0482,-2.9843,1.4249,-6.8464,0.0933,0.0106,5.9192,5.9444
50809,3713,-2.9758,1.4232,-6.8025,0.0929,0.0046,5.7572,0.0351,0.0100,0.0493,-2.9777,1.4231,-6.7808,0.0973,0.0105,5.7033,5.7569
50841,572,-2.9685,1.4623,-6.2107,0.1588,0.0049,8.5084,0.0403,0.0100,0.0512,-2.9679,1.4622,-6.0687,0.1724,0.0105,8.2518,8.5082
50842,648,-2.9657,1.4525,-5.7212,0.1449,0.0053,8.1881,0.0373,0.0102,0.0467,-2.9714,1.4523,-5.6052,0.1413,0.0106,8.4383,8.1880
50845,793,-2.9907,1.4415,-5.4817,0.1231,0.0035,6.9790,0.0368,0.0100,0.0499,-2.9916,1.4414,-5.4307,0.1175,0.0106,7.0331,6.9788
50846,4416,-2.9983,1.4408,-5.4604,0.1018,0.0052,6.5059,0.0353,0.0100,0.0493,-2.9991,1.4407,-5.4118,0.1012,0.0105,6.5023,6.5057
50848,131,-2.9835,1.4422,-8.9021,0.0957,0.0036,6.7113,0.0356,0.0105,0.0520,-2.9894,1.4422,-8.9600,0.1017,0.0112,6.6459,6.7111
50854,22,-2.9841,1.4378,-5.8942,0.0989,0.0045,6.0502,0.0364,0.0139,0.0574,-2.9824,1.4377,-6.0700,0.1003,0.0154,7.0036,6.0500
50855,1383,-2.9828,1.4414,-5.5500,0.0984,0.0038,6.3291,0.0348,0.0100,0.0482,-2.9829,1.4413,-5.4618,0.1003,0.0106,6.2239,6.3289
50873,1551,-3.0012,1.4559,-6.1465,0.1226,0.0039,7.8669,0.0371,0.0100,0.0485,-3.0009,1.4560,-6.1284,0.1223,0.0105,8.3476,7.8668
50874,797,-2.9910,1.4504,-5.6066,0.1071,0.0036,7.0673,0.0365,0.0099,0.0494,-2.9922,1.4502,-5.4474,0.1103,0.0105,7.1929,7.0672
50882,1324,-2.9890,1.4471,-5.6646,0.1107,0.0037,6.6551,0.0356,0.0100,0.0479,-2.9896,1.4469,-5.6864,0.1153,0.0105,6.9194,6.6549
50883,1205,-2.9994,1.4537,-5.5105,0.1007,0.0040,6.6077,0.0340,0.0100,0.0459,-2.9990,1.4536,-5.3741,0.1012,0.0105,6.2805,6.6076
50884,225,-2.9942,1.4543,-5.6504,0.1018,0.0031,6.5999,0.0351,0.0102,0.0472,-2.9987,1.4541,-5.7800,0.1044,0.0107,6.4043,6.5998
50894,3532,-2.9986,1.4450,-5.7933,0.1250,0.0050,7.8919,0.0368,0.0099,0.0485,-2.9998,1.4449,-5.6945,0.1203,0.0105,7.7000,7.8918
50895,2092,-2.9847,1.4363,-6.0339,0.1008,0.0047,6.5143,0.0350,0.0100,0.0494,-2.9871,1.4361,-5.9598,0.1013,0.0105,6.5143,6.5141
50897,1010,-2.9879,1.4375,-6.2278,0.1036,0.0040,6.3309,0.0358,0.0101,0.0493,-2.9888,1.4374,-6.2645,0.1043,0.0105,6.2146,6.3307
50899,3139,-2.9875,1.4321,-5.7366,0.0998,0.0041,6.2831,0.0355,0.0099,0.0498,-2.9865,1.4319,-5.6565,0.1043,0.0105,6.1763,6.2829
50900,1632,-2.9815,1.4327,-5.5757,0.1054,0.0046,6.0580,0.0352,0.0100,0.0477,-2.9808,1.4327,-5.4487,0.1063,0.0105,6.2093,6.0578
50929,365,-3.1089,1.4647,-5.9343,0.1361,0.0039,8.6286,0.0390,0.0103,0.0505,-3.1083,1.4646,-5.4593,0.1364,0.0107,8.8848,8.6285
50930,490,-3.0944,1.4617,-6.1870,0.1351,0.0041,8.7299,0.0382,0.0101,0.0521,-3.0982,1.4618,-6.2573,0.1264,0.0107,8.4479,8.7297
50932,1309,-3.1012,1.4562,-5.4455,0.1320,0.0061,8.1167,0.0372,0.0100,0.0486,-3.1009,1.4561,-5.5516,0.1243,0.0106,8.2384,8.1165
50936,452,-3.1057,1.4438,-5.0512,0.1200,0.0034,7.4841,0.0356,0.0102,0.0483,-3.1043,1.4437,-5.0831,0.1213,0.0107,7.2606,7.4839
50937,184,-3.1020,1.4446,-6.6393,0.1171,0.0037,8.2087,0.0344,0.0101,0.0456,-3.1013,1.4442,-6.4600,0.1065,0.0107,8.5537,8.2086
50940,3254,-3.0802,1.4455,-5.9653,0.1236,0.0045,7.2175,0.0369,0.0100,0.0498,-3.0800,1.4454,-5.9607,0.1253,0.0106,7.0840,7.2174
50942,60,-3.0946,1.4341,-5.3862,0.1013,0.0038,5.4575,0.0362,0.0118,0.0509,-3.1023,1.4338,-5.3800,0.1144,0.0126,5.8991,5.4572
50945,83,-3.1069,1.4408,-6.5291,0.1007,0.0038,6.1186,0.0349,0.0109,0.0450,-3.0909,1.4405,-6.2700,0.0971,0.0117,6.1660,6.1184
50947,335,-3.0894,1.4395,-5.6394,0.1026,0.0040,6.3220,0.0358,0.0101,0.0478,-3.0897,1.4395,-5.5976,0.1073,0.0105,6.4461,6.3219
50948,2154,-3.0890,1.4357,-4.8620,0.0985,0.0046,6.1435,0.0354,0.0101,0.0489,-3.0888,1.4356,-4.8081,0.1003,0.0106,5.8953,6.1433
50949,162,-3.0782,1.4299,-6.6805,0.0892,0.0032,5.9411,0.0362,0.0102,0.0533,-3.0837,1.4295,-6.5900,0.0905,0.0109,5.8930,5.9409
50950,47,-3.0797,1.4396,-5.9389,0.0885,0.0048,5.4558,0.0324,0.0115,0.0447,-3.0821,1.4405,-5.9700,0.0975,0.0125,5.7354,5.4556
50951,238,-3.0872,1.4315,-5.3855,0.0942,0.0031,5.5259,0.0359,0.0100,0.0476,-3.0847,1.4313,-5.1500,0.1013,0.0106,5.5098,5.5257
50963,379,-2.9951,1.4367,-6.4607,0.1323,0.0036,8.0819,0.0411,0.0103,0.0581,-2.9998,1.4364,-6.5148,0.1314,0.0107,7.7614,8.0817
50964,191,-2.9852,1.4348,-6.2954,0.1495,0.0037,8.3092,0.0405,0.0101,0.0545,-2.9896,1.4348,-5.9200,0.1466,0.0108,8.6643,8.3090
50965,103,-2.9798,1.4234,-4.8082,0.1285,0.0033,7.0092,0.0387,0.0107,0.0594,-2.9750,1.4235,-4.9900,0.1309,0.0114,7.4450,7.0090
50970,1749,-2.9627,1.4360,-5.6306,0.1130,0.0036,7.2420,0.0364,0.0099,0.0489,-2.9606,1.4360,-5.6637,0.1173,0.0105,7.4111,7.2418
50971,5988,-2.9581,1.4300,-5.6927,0.1071,0.0051,6.6123,0.0355,0.0100,0.0492,-2.9593,1.4300,-5.6563,0.1052,0.0105,6.3344,6.6121
50973,2147,-2.9776,1.4246,-6.5946,0.1006,0.0036,6.2196,0.0347,0.0100,0.0481,-2.9775,1.4246,-6.4948,0.1033,0.0105,6.1328,6.2194
50974,572,-2.9671,1.4243,-5.2014,0.1024,0.0046,5.9770,0.0357,0.0099,0.0472,-2.9669,1.4244,-5.3737,0.0972,0.0105,5.9230,5.9768
50975,22,-2.9980,1.4303,-6.0342,0.1078,0.0049,7.3232,0.0382,0.0149,0.0480,-2.9986,1.4298,-5.1400,0.1167,0.0162,7.3934,7.3231
50976,214,-2.9959,1.4205,-4.6279,0.0962,0.0033,5.7096,0.0343,0.0101,0.0442,-2.9988,1.4201,-4.4500,0.0994,0.0107,5.7780,5.7094
50977,798,-2.9665,1.4167,-5.1129,0.1078,0.0054,5.9841,0.0359,0.0100,0.0474,-2.9639,1.4165,-5.0309,0.1084,0.0105,5.9815,5.9839
50978,45,-2.9545,1.4146,-6.3201,0.1281,0.0036,5.3616,0.0379,0.0124,0.0423,-2.9699,1.4151,-6.0600,0.1473,0.0133,5.2825,5.3614
50992,587,-3.0006,1.4347,-5.8455,0.1270,0.0032,8.8912,0.0376,0.0101,0.0512,-3.0003,1.4348,-5.9449,0.1283,0.0106,8.7010,8.8910
50998,2910,-2.9840,1.4251,-5.4248,0.1139,0.0043,7.2842,0.0362,0.0099,0.0479,-2.9846,1.4250,-5.4676,0.1153,0.0105,7.3268,7.2840
50999,96,-2.9799,1.4245,-6.2928,0.1042,0.0034,7.2750,0.0398,0.0108,0.0524,-2.9711,1.4250,-6.4700,0.1180,0.0116,7.3781,7.2748
51000,478,-2.9843,1.4226,-5.3768,0.1088,0.0033,6.9626,0.0359,0.0101,0.0502,-2.9851,1.4225,-5.2575,0.1173,0.0105,7.1346,6.9624
51001,97,-3.0029,1.4249,-4.5620,0.0934,0.0036,5.1692,0.0329,0.0106,0.0446,-3.0006,1.4248,-4.4500,0.0957,0.0114,5.4540,5.1690
51003,1170,-2.9901,1.4233,-5.6903,0.1058,0.0032,6.9196,0.0364,0.0100,0.0500,-2.9907,1.4234,-5.6524,0.1092,0.0104,6.9820,6.9194
51007,1511,-2.9687,1.4214,-5.6097,0.1070,0.0033,6.3749,0.0367,0.0100,0.0499,-2.9682,1.4214,-5.5700,0.1102,0.0105,6.1955,6.3747
51008,881,-2.9728,1.4245,-5.8517,0.1039,0.0033,6.1133,0.0354,0.0100,0.0488,-2.9723,1.4245,-5.7224,0.1094,0.0105,6.2317,6.1131
51009,204,-2.9589,1.4232,-5.9688,0.1025,0.0032,5.8198,0.0348,0.0102,0.0553,-2.9570,1.4231,-5.7700,0.0964,0.0108,5.9119,5.8196
51012,445,-2.9859,1.4278,-5.5108,0.1015,0.0042,5.8064,0.0372,0.0101,0.0498,-2.9800,1.4277,-5.2730,0.1083,0.0106,5.9435,5.8062
51013,1114,-2.9935,1.4278,-7.1157,0.0979,0.0037,6.0083,0.0351,0.0099,0.0478,-2.9922,1.4277,-6.9425,0.0992,0.0105,5.9539,6.0081
51016,9385,-2.9881,1.4309,-5.7419,0.1287,0.0240,7.8688,0.0371,0.0100,0.0481,-2.9884,1.4308,-5.7665,0.1223,0.0105,7.7253,7.8687
51017,1549,-2.9942,1.4054,-5.2656,0.1071,0.0041,6.4678,0.0355,0.0099,0.0493,-2.9946,1.4055,-5.2369,0.1103,0.0105,6.2945,6.4676
51018,770,-2.9805,1.4026,-5.1639,0.1057,0.0034,5.8153,0.0372,0.0101,0.0496,-2.9798,1.4025,-5.1004,0.1113,0.0105,5.7515,5.8151
51024,146,-2.9875,1.4140,-4.4750,0.1583,0.0033,8.4492,0.0368,0.0105,0.0407,-2.9881,1.4138,-4.4900,0.1637,0.0111,8.4992,8.4491
51025,329,-2.9981,1.4117,-5.7783,0.1337,0.0033,8.9166,0.0370,0.0104,0.0507,-2.9971,1.4115,-5.5466,0.1323,0.0105,9.1215,8.9165
51026,2556,-2.9938,1.4110,-5.3467,0.1289,0.0047,7.9547,0.0368,0.0100,0.0496,-2.9952,1.4110,-5.2210,0.1308,0.0105,8.1605,7.9546
51028,1288,-2.9911,1.4135,-5.1610,0.1066,0.0037,7.3988,0.0349,0.0101,0.0478,-2.9904,1.4134,-5.0853,0.1083,0.0105,7.3740,7.3987
51034,83,-2.9879,1.4087,-5.6419,0.0959,0.0034,7.9880,0.0351,0.0112,0.0509,-2.9907,1.4091,-5.8800,0.0969,0.0119,8.4399,7.9878
51035,2312,-2.9711,1.4376,-4.9855,0.0983,0.0216,6.1813,0.0357,0.0100,0.0492,-2.9708,1.4375,-4.8598,0.1033,0.0105,6.2632,6.1811
51037,540,-2.9965,1.4384,-4.5608,0.0895,0.0045,5.5345,0.0343,0.0100,0.0486,-2.9961,1.4382,-4.6972,0.0993,0.0105,5.4509,5.5343
51038,958,-3.0009,1.4206,-4.9309,0.0845,0.0068,5.8646,0.0334,0.0100,0.0488,-3.0023,1.4204,-4.8273,0.0832,0.0105,5.9472,5.8644
51043,248,-2.9884,1.4178,-5.4430,0.1341,0.0034,8.5823,0.0389,0.0100,0.0459,-2.9873,1.4179,-5.4700,0.1414,0.0106,8.4187,8.5822
51044,1502,-2.9971,1.4151,-5.6036,0.1304,0.0038,8.0677,0.0375,0.0100,0.0490,-2.9969,1.4150,-5.6211,0.1313,0.0105,8.2701,8.0676
51045,4617,-2.9926,1.4251,-5.8045,0.1055,0.0048,6.9039,0.0356,0.0100,0.0479,-2.9933,1.4251,-5.8188,0.1053,0.0105,6.7994,6.9038
51046,5614,-2.9913,1.4061,-5.7047,0.1010,0.0183,6.6255,0.0356,0.0099,0.0501,-2.9905,1.4061,-5.6798,0.1012,0.0105,6.5780,6.6253
51242,23,-2.9645,1.4499,-5.6930,0.1246,0.0072,10.7349,0.0265,0.0147,0.0423,-2.9727,1.4493,-3.3000,0.1083,0.0162,9.8764,10.7348
51243,133,-2.9863,1.4486,-5.1320,0.1577,0.0032,7.5019,0.0344,0.0107,0.0418,-2.9886,1.4485,-5.1800,0.1578,0.0113,7.6381,7.5018
51244,800,-2.9508,1.4402,-5.2708,0.1439,0.0039,7.0417,0.0380,0.0104,0.0495,-2.9526,1.4401,-5.0643,0.1405,0.0109,6.8651,7.0415
51248,694,-2.9949,1.4331,-4.3954,0.1236,0.0080,7.6340,0.0391,0.0101,0.0519,-2.9921,1.4329,-4.3672,0.1316,0.0106,7.9062,7.6338
51253,302,-2.9939,1.4285,-4.8924,0.1001,0.0035,6.9644,0.0373,0.0104,0.0495,-2.9947,1.4283,-4.4883,0.1033,0.0106,7.2004,6.9642
51255,34,-2.9603,1.4115,-4.7593,0.1008,0.0043,6.7541,0.0326,0.0147,0.0481,-2.9482,1.4112,-5.3100,0.1083,0.0156,7.0996,6.7539
51256,72,-2.9971,1.4288,-3.6965,0.1069,0.0041,7.6583,0.0362,0.0110,0.0453,-2.9984,1.4288,-4.4100,0.1062,0.0118,8.0217,7.6582
51258,1026,-2.9739,1.4242,-4.7220,0.1061,0.0036,6.5381,0.0352,0.0101,0.0473,-2.9734,1.4242,-4.6776,0.1133,0.0106,6.6469,6.5379
51260,447,-2.9814,1.4243,-4.6778,0.1076,0.0033,6.1541,0.0347,0.0101,0.0466,-2.9837,1.4241,-4.6760,0.1073,0.0105,6.2871,6.1539
51261,52,-3.0204,1.4322,-4.4051,0.0958,0.0029,6.0319,0.0372,0.0124,0.0532,-3.0258,1.4324,-3.9600,0.1098,0.0132,5.1197,6.0317
51276,3828,-3.0067,1.4377,-5.8527,0.1337,0.0082,7.4427,0.0374,0.0101,0.0485,-3.0061,1.4377,-5.7579,0.1353,0.0106,7.6052,7.4425
51277,1318,-2.9864,1.4144,-3.9413,0.1106,0.0214,6.6835,0.0357,0.0100,0.0484,-2.9862,1.4142,-4.0176,0.1083,0.0106,6.4244,6.6834
51278,339,-2.9202,1.4809,-2.0918,0.0912,0.0040,6.6505,0.0353,0.0102,0.0513,-2.9236,1.4807,-1.9341,0.0963,0.0105,6.4001,6.6503
51287,786,-3.0153,1.4342,-5.3475,0.1374,0.0049,8.9192,0.0376,0.0101,0.0487,-3.0115,1.4341,-5.3806,0.1373,0.0105,9.1890,8.9190
51290,760,-3.0004,1.4307,-4.3575,0.1294,0.0039,8.6712,0.0379,0.0100,0.0492,-3.0000,1.4306,-4.0662,0.1307,0.0105,8.6894,8.6711
51291,4748,-2.9986,1.4258,-4.6349,0.1106,0.0036,7.2224,0.0363,0.0099,0.0489,-2.9985,1.4258,-4.6826,0.1133,0.0105,7.3534,7.2222
51292,557,-2.9879,1.4318,-4.5530,0.1075,0.0045,6.0741,0.0358,0.0100,0.0486,-2.9881,1.4318,-4.5472,0.1053,0.0105,5.7978,6.0739
51294,955,-2.9960,1.4292,-4.6024,0.1007,0.0036,6.2791,0.0344,0.0100,0.0454,-2.9956,1.4291,-4.5821,0.1023,0.0105,6.3005,6.2789
51295,617,-2.9798,1.4294,-4.6331,0.0956,0.0050,5.5891,0.0350,0.0102,0.0502,-2.9777,1.4293,-4.5837,0.1002,0.0105,5.5674,5.5889
51299,3578,-2.9800,1.4349,-4.7930,0.1232,0.0061,7.9031,0.0368,0.0100,0.0484,-2.9826,1.4348,-4.7857,0.1223,0.0105,7.9954,7.9029
51302,44,-2.9565,1.4216,-2.5041,0.0830,0.0058,5.8056,0.0373,0.0123,0.0559,-2.9417,1.4216,-2.5500,0.0835,0.0132,6.1529,5.8053
51303,93,-2.9584,1.4299,-5.1922,0.1268,0.0038,8.2144,0.0354,0.0107,0.0454,-2.9518,1.4295,-4.6500,0.1219,0.0115,8.3299,8.2143
51304,663,-2.9810,1.4245,-4.3511,0.1170,0.0042,7.3218,0.0364,0.0102,0.0485,-2.9835,1.4243,-4.2505,0.1180,0.0106,7.2416,7.3217
51309,682,-2.9896,1.4316,-4.6375,0.1082,0.0040,6.5525,0.0372,0.0101,0.0501,-2.9889,1.4314,-4.4900,0.1148,0.0105,6.4518,6.5523
51311,50,-2.9956,1.4325,-4.0476,0.1065,0.0044,6.0214,0.0377,0.0122,0.0506,-2.9870,1.4326,-4.4000,0.1270,0.0131,6.7111,6.0212
51312,46,-2.9892,1.4376,-5.8333,0.1005,0.0048,7.7123,0.0365,0.0123,0.0591,-2.9926,1.4375,-5.2200,0.1172,0.0132,7.7525,7.7121
51314,454,-2.9953,1.4245,-5.5067,0.1079,0.0032,6.8729,0.0353,0.0101,0.0478,-2.9996,1.4242,-5.3262,0.1093,0.0105,6.5512,6.8727
51320,634,-2.9937,1.4322,-4.6449,0.1088,0.0055,6.6711,0.0369,0.0099,0.0461,-2.9933,1.4322,-4.6249,0.1123,0.0105,6.6742,6.6709
51322,234,-2.9875,1.4363,-4.8512,0.0969,0.0036,6.6027,0.0338,0.0101,0.0493,-2.9870,1.4364,-5.2000,0.0983,0.0107,6.5741,6.6025
51323,483,-2.9754,1.4334,-8.5529,0.1048,0.0046,6.5559,0.0344,0.0101,0.0485,-2.9778,1.4334,-8.7861,0.1122,0.0105,6.9701,6.5557
51324,735,-2.9807,1.4323,-8.6626,0.1032,0.0047,7.0770,0.0360,0.0101,0.0498,-2.9851,1.4322,-8.7040,0.1033,0.0105,7.1971,7.0768
51328,630,-2.9732,1.4306,-5.4615,0.0975,0.0032,6.0894,0.0355,0.0099,0.0483,-2.9735,1.4306,-5.2951,0.1012,0.0105,6.0417,6.0892
51335,125,-2.9476,1.4438,-3.5289,0.1032,0.0036,7.9396,0.0363,0.0106,0.0513,-2.9466,1.4440,-3.5800,0.1037,0.0112,7.7046,7.9394
51336,95,-2.9453,1.4375,-4.7515,0.1007,0.0032,6.2755,0.0367,0.0109,0.0495,-2.9373,1.4375,-5.0000,0.1039,0.0116,6.4852,6.2753
51349,5362,-2.9659,1.4253,-5.4022,0.1165,0.0050,7.3426,0.0368,0.0100,0.0493,-2.9652,1.4253,-5.4359,0.1183,0.0105,7.3602,7.3424
51350,119,-2.9933,1.4198,-5.1463,0.0956,0.0028,6.5814,0.0373,0.0107,0.0543,-2.9895,1.4193,-5.4600,0.1037,0.0114,6.6986,6.5812
51351,823,-2.9896,1.4187,-4.9561,0.1011,0.0034,6.3967,0.0348,0.0100,0.0490,-2.9888,1.4186,-5.0063,0.0962,0.0105,6.5905,6.3965
51352,3518,-2.9945,1.4215,-5.2044,0.0968,0.0057,5.9423,0.0339,0.0099,0.0471,-2.9940,1.4214,-5.1248,0.0962,0.0105,5.9613,5.9421
51353,685,-2.9825,1.4263,-5.4180,0.0893,0.0047,5.6530,0.0332,0.0099,0.0464,-2.9825,1.4262,-5.2649,0.0982,0.0105,5.5438,5.6528
51355,920,-2.9896,1.4270,-5.0450,0.0962,0.0035,5.9726,0.0350,0.0101,0.0488,-2.9889,1.4269,-4.9022,0.1013,0.0105,5.7968,5.9724
51366,98,-2.9864,1.4332,-4.1398,0.1573,0.0038,8.3316,0.0401,0.0104,0.0470,-2.9856,1.4328,-4.1600,0.1612,0.0113,8.6703,8.3315
51369,612,-2.9941,1.4277,-4.2555,0.1398,0.0034,8.3118,0.0374,0.0102,0.0490,-2.9927,1.4277,-4.0102,0.1484,0.0106,9.0849,8.3117
51370,820,-2.9900,1.4239,-5.0522,0.1449,0.0037,8.4450,0.0385,0.0101,0.0476,-2.9882,1.4240,-5.1523,0.1453,0.0106,8.4625,8.4449
51371,292,-2.9952,1.4212,-4.3148,0.1326,0.0031,8.3497,0.0375,0.0101,0.0501,-2.9950,1.4211,-4.0900,0.1363,0.0106,8.2371,8.3496
51372,1723,-2.9969,1.4235,-4.4595,0.1291,0.0042,7.7221,0.0362,0.0100,0.0483,-2.9962,1.4234,-4.4301,0.1343,0.0106,7.7509,7.7219
51373,17,-2.9694,1.4160,-5.7901,0.1160,0.0072,8.5757,0.0347,0.0167,0.0447,-2.9756,1.4131,-6.0800,0.1093,0.0186,9.8797,8.5756
51379,128,-2.9894,1.4238,-4.9411,0.1260,0.0032,7.7333,0.0372,0.0106,0.0540,-2.9884,1.4242,-5.0300,0.1287,0.0112,7.4838,7.7332
51380,1978,-2.9843,1.4245,-4.8060,0.1155,0.0036,7.4818,0.0373,0.0100,0.0503,-2.9829,1.4245,-4.7342,0.1163,0.0105,7.5494,7.4816
51381,897,-2.9775,1.4255,-4.9045,0.1114,0.0039,6.7564,0.0359,0.0100,0.0482,-2.9725,1.4254,-5.0020,0.1143,0.0106,6.7747,6.7562
51385,3038,-2.9890,1.4197,-4.1539,0.1328,0.0060,8.7218,0.0378,0.0100,0.0488,-2.9900,1.4197,-4.0765,0.1333,0.0105,8.5570,8.7217
51388,1565,-2.9637,1.4058,-6.2162,0.1198,0.0030,7.4545,0.0374,0.0100,0.0503,-2.9611,1.4058,-6.2602,0.1203,0.0105,7.4245,7.4544
51390,49,-2.9631,1.4141,-4.4001,0.1375,0.0039,6.3292,0.0404,0.0120,0.0434,-2.9589,1.4142,-4.6200,0.1430,0.0129,6.6562,6.3290
51392,518,-2.9730,1.4134,-5.5219,0.1093,0.0044,7.0555,0.0376,0.0101,0.0495,-2.9705,1.4132,-5.6511,0.1123,0.0105,7.5470,7.0553
51393,248,-2.9608,1.4167,-5.0347,0.0969,0.0032,6.4017,0.0328,0.0101,0.0446,-2.9593,1.4171,-5.0400,0.0963,0.0107,6.3809,6.4015
51396,1591,-2.9655,1.4103,-4.2232,0.1056,0.0042,6.6826,0.0356,0.0100,0.0471,-2.9687,1.4103,-4.1308,0.1023,0.0105,6.5696,6.6824
51397,224,-2.9597,1.4183,-3.9993,0.1093,0.0031,6.2237,0.0365,0.0101,0.0487,-2.9538,1.4183,-4.1500,0.1134,0.0107,6.6079,6.2235
51398,369,-2.9831,1.4206,-4.4422,0.1194,0.0046,6.1767,0.0374,0.0102,0.0491,-2.9872,1.4203,-4.2984,0.1183,0.0105,6.2326,6.1765
51400,116,-2.9894,1.4220,-4.5807,0.1168,0.0034,7.1557,0.0394,0.0104,0.0458,-2.9967,1.4216,-4.4200,0.1188,0.0111,7.3663,7.1556
51402,67,-2.9600,1.4346,-4.5742,0.1123,0.0041,6.4001,0.0383,0.0111,0.0613,-2.9613,1.4349,-4.7900,0.1123,0.0120,6.4556,6.3999
51428,100,-2.9605,1.4076,-4.7738,0.1306,0.0038,7.7439,0.0396,0.0110,0.0494,-2.9540,1.4072,-4.4400,0.1440,0.0116,7.9735,7.7437
51433,21,-2.9411,1.4058,-3.2624,0.0916,0.0055,6.7658,0.0370,0.0140,0.0484,-2.9331,1.4062,-3.3000,0.0865,0.0156,7.7589,6.7656
51434,657,-2.9614,1.4134,-5.0695,0.1310,0.0043,7.8240,0.0375,0.0099,0.0495,-2.9603,1.4134,-4.9855,0.1273,0.0105,7.4440,7.8239
51435,75,-2.9568,1.4151,-5.8903,0.1061,0.0035,7.0726,0.0403,0.0108,0.0538,-2.9562,1.4146,-5.2300,0.1143,0.0117,6.7391,7.0724
51436,1783,-2.9655,1.4096,-5.4215,0.1247,0.0052,7.4375,0.0368,0.0100,0.0502,-2.9661,1.4095,-5.4782,0.1233,0.0105,7.5031,7.4374
51438,1652,-2.9611,1.4147,-5.3433,0.1044,0.0034,6.4847,0.0355,0.0099,0.0472,-2.9601,1.4146,-5.3654,0.1052,0.0105,6.4797,6.4846
51462,1029,-2.9332,1.4397,-5.2966,0.0964,0.0040,6.5116,0.0348,0.0099,0.0484,-2.9323,1.4395,-5.2242,0.0982,0.0105,6.3993,6.5114
51463,485,-2.9409,1.4327,-4.7832,0.1067,0.0030,6.3475,0.0367,0.0101,0.0497,-2.9431,1.4326,-4.9550,0.1062,0.0104,6.2244,6.3473
51464,603,-2.9287,1.4361,-4.9909,0.1016,0.0032,6.3077,0.0340,0.0100,0.0468,-2.9297,1.4362,-5.3235,0.0992,0.0105,6.3508,6.3075
51465,2092,-2.9334,1.4337,-5.1704,0.0991,0.0040,6.0746,0.0355,0.0100,0.0512,-2.9326,1.4337,-5.1154,0.1002,0.0105,6.1740,6.0744
51482,693,-2.9719,1.5002,-6.4218,0.1430,0.0036,8.2070,0.0368,0.0101,0.0468,-2.9783,1.5002,-6.4823,0.1463,0.0105,7.9061,8.2069
51485,207,-2.9844,1.4931,-5.4550,0.1292,0.0032,8.7180,0.0385,0.0102,0.0477,-2.9813,1.4931,-5.3400,0.1295,0.0108,9.0730,8.7179
51487,713,-2.9998,1.4649,-5.5204,0.1143,0.0127,7.1117,0.0361,0.0101,0.0468,-3.0027,1.4649,-5.7252,0.1163,0.0105,7.0847,7.1116
51488,1140,-3.0012,1.4294,-5.4589,0.1189,0.0033,6.8772,0.0369,0.0101,0.0502,-3.0041,1.4295,-5.4906,0.1133,0.0105,6.8253,6.8770
51489,293,-2.9987,1.4319,-5.0979,0.1171,0.0032,6.9364,0.0366,0.0098,0.0455,-2.9939,1.4318,-5.2700,0.1133,0.0105,7.0693,6.9363
51490,297,-2.9812,1.4375,-5.2224,0.1163,0.0031,7.3305,0.0374,0.0100,0.0488,-2.9846,1.4375,-5.4000,0.1153,0.0105,7.3321,7.3304
51492,918,-2.9757,1.4473,-5.2080,0.1218,0.0046,7.2285,0.0381,0.0100,0.0511,-2.9762,1.4472,-5.2364,0.1223,0.0105,7.2310,7.2284
51493,162,-2.9761,1.4569,-5.4367,0.1218,0.0034,7.3081,0.0365,0.0101,0.0421,-2.9737,1.4573,-5.3500,0.1155,0.0108,7.2477,7.3080
51494,88,-2.9720,1.4578,-4.3821,0.0970,0.0035,6.9851,0.0381,0.0114,0.0479,-2.9659,1.4575,-4.5600,0.0961,0.0121,7.5287,6.9850
51496,711,-2.9614,1.4570,-5.0075,0.1028,0.0033,6.7579,0.0358,0.0101,0.0499,-2.9600,1.4569,-5.1199,0.1053,0.0106,6.6370,6.7578
51497,1341,-2.9572,1.4544,-5.4981,0.1066,0.0038,6.4430,0.0357,0.0100,0.0479,-2.9548,1.4541,-5.4841,0.1060,0.0105,6.3109,6.4428
51503,1039,-2.9405,1.4536,-5.5253,0.1133,0.0034,6.3468,0.0364,0.0100,0.0482,-2.9398,1.4536,-5.6528,0.1143,0.0105,6.5596,6.3466
51508,909,-2.9266,1.4557,-5.5332,0.1149,0.0041,6.2789,0.0375,0.0100,0.0515,-2.9266,1.4557,-5.3219,0.1193,0.0105,6.4244,6.2787
51516,65,-2.9199,1.4553,-5.0492,0.1180,0.0032,6.2352,0.0360,0.0120,0.0475,-2.9268,1.4559,-5.3300,0.1325,0.0127,6.7375,6.2350
51548,1303,-2.9858,1.4701,-5.7327,0.1196,0.0034,7.4174,0.0375,0.0099,0.0493,-2.9885,1.4700,-5.6545,0.1153,0.0105,7.5600,7.4172
51550,361,-2.9766,1.4681,-5.1126,0.1073,0.0073,6.8512,0.0335,0.0103,0.0442,-2.9745,1.4680,-5.0606,0.1073,0.0105,6.7654,6.8511
51551,386,-2.9643,1.4679,-5.6239,0.1028,0.0035,6.6693,0.0354,0.0102,0.0477,-2.9652,1.4675,-5.8347,0.1022,0.0105,6.6325,6.6691
51554,1871,-2.9641,1.4653,-6.1041,0.1115,0.0044,7.0562,0.0355,0.0099,0.0487,-2.9655,1.4653,-6.1491,0.1063,0.0105,6.9032,7.0560
51556,1479,-2.9626,1.4821,-5.6758,0.1155,0.0047,6.6589,0.0355,0.0100,0.0497,-2.9621,1.4820,-5.5414,0.1173,0.0105,6.5722,6.6587
51560,429,-2.9480,1.4869,-6.0235,0.1150,0.0032,6.8700,0.0354,0.0103,0.0497,-2.9465,1.4869,-6.3494,0.1133,0.0105,6.3514,6.8698
51561,346,-2.9544,1.4883,-5.5517,0.1059,0.0031,6.2434,0.0362,0.0099,0.0490,-2.9530,1.4882,-5.4300,0.1052,0.0105,6.0208,6.2432
51563,244,-2.9555,1.4902,-5.6204,0.1230,0.0033,6.0621,0.0383,0.0101,0.0500,-2.9555,1.4905,-5.7300,0.1214,0.0107,6.0227,6.0619
51564,1861,-2.9689,1.4828,-5.5461,0.0990,0.0112,5.9736,0.0354,0.0100,0.0484,-2.9691,1.4828,-5.5379,0.0982,0.0105,5.9309,5.9734
51566,693,-2.9721,1.4405,-6.0048,0.1065,0.0063,5.9008,0.0359,0.0102,0.0458,-2.9693,1.4403,-5.8412,0.1104,0.0108,5.9809,5.9006
51577,1931,-2.9721,1.4414,-5.6105,0.1283,0.0050,8.0920,0.0372,0.0101,0.0494,-2.9712,1.4412,-5.6003,0.1253,0.0106,7.9375,8.0918
51578,486,-2.9515,1.4410,-5.3534,0.1187,0.0032,7.2746,0.0357,0.0101,0.0477,-2.9523,1.4409,-5.3737,0.1113,0.0105,7.2306,7.2745
51579,642,-2.9432,1.4365,-5.1324,0.1104,0.0039,7.0120,0.0353,0.0100,0.0441,-2.9421,1.4362,-5.0125,0.1083,0.0105,7.3724,7.0119
51580,403,-2.9471,1.4399,-5.5247,0.1167,0.0077,6.7807,0.0373,0.0103,0.0500,-2.9479,1.4400,-5.5149,0.1153,0.0106,6.5862,6.7805
51582,2982,-2.9639,1.4389,-5.0580,0.1076,0.0037,6.5329,0.0361,0.0100,0.0487,-2.9636,1.4388,-5.0116,0.1083,0.0105,6.5073,6.5327
51583,1583,-2.9654,1.4342,-5.1164,0.1047,0.0037,6.3033,0.0365,0.0100,0.0506,-2.9635,1.4341,-5.1696,0.1093,0.0105,6.3027,6.3031
51584,1749,-2.9561,1.4346,-5.0450,0.1014,0.0050,6.0470,0.0355,0.0100,0.0483,-2.9585,1.4346,-4.9916,0.1052,0.0105,6.2170,6.0468
51590,293,-2.9605,1.4393,-5.8679,0.1615,0.0032,9.2034,0.0389,0.0100,0.0485,-2.9646,1.4392,-5.4600,0.1614,0.0106,9.2688,9.2033
51591,5068,-2.9728,1.4282,-5.4348,0.1178,0.0036,7.6565,0.0360,0.0100,0.0486,-2.9723,1.4281,-5.2989,0.1133,0.0105,7.3288,7.6564
51592,4205,-2.9716,1.4198,-5.4143,0.1078,0.0104,6.5928,0.0357,0.0100,0.0494,-2.9703,1.4198,-5.3404,0.1093,0.0105,6.5003,6.5926
51593,540,-2.9572,1.4485,-5.5494,0.1038,0.0060,6.1916,0.0354,0.0101,0.0491,-2.9607,1.4484,-5.6760,0.1003,0.0106,6.4374,6.1914
51597,138,-2.9514,1.4675,-5.5022,0.1116,0.0029,5.8673,0.0377,0.0105,0.0514,-2.9477,1.4674,-5.6400,0.1206,0.0111,6.1615,5.8670
51598,216,-2.9125,1.4841,-5.1447,0.0955,0.0033,5.7841,0.0336,0.0100,0.0454,-2.9128,1.4843,-5.1000,0.0934,0.0107,5.7324,5.7840
51606,2808,-3.0106,1.4360,-5.0385,0.1248,0.0050,8.3232,0.0370,0.0100,0.0499,-3.0118,1.4360,-5.0512,0.1193,0.0106,8.2252,8.3230
51607,4210,-2.9829,1.4396,-4.5955,0.1102,0.0048,6.9226,0.0359,0.0100,0.0483,-2.9841,1.4396,-4.5267,0.1093,0.0105,6.8665,6.9224
51608,612,-2.9500,1.4275,-4.5848,0.0954,0.0031,6.0662,0.0344,0.0100,0.0490,-2.9528,1.4276,-4.4516,0.0962,0.0104,5.8605,6.0660
51609,565,-2.9877,1.4418,-3.9498,0.0879,0.0049,5.6224,0.0348,0.0100,0.0516,-2.9872,1.4418,-4.0038,0.0922,0.0105,5.6874,5.6222
51618,79,-2.9953,1.4567,-5.7533,0.0838,0.0037,5.7594,0.0328,0.0111,0.0436,-3.0007,1.4563,-6.0600,0.0868,0.0118,5.8878,5.7592
51624,1094,-2.9940,1.4510,-5.2608,0.1292,0.0032,7.9159,0.0382,0.0100,0.0492,-2.9928,1.4510,-5.3143,0.1333,0.0105,7.8912,7.9158
51625,1036,-2.9851,1.4504,-5.1729,0.1173,0.0050,6.8752,0.0361,0.0099,0.0477,-2.9793,1.4504,-5.1761,0.1153,0.0105,6.7898,6.8751
51630,2178,-2.9776,1.4495,-5.1112,0.1109,0.0036,6.8508,0.0365,0.0099,0.0497,-2.9787,1.4494,-5.1256,0.1092,0.0105,6.7493,6.8506
51631,1090,-2.9746,1.4513,-5.2885,0.1058,0.0044,6.8498,0.0356,0.0100,0.0491,-2.9731,1.4512,-5.0496,0.1032,0.0105,6.7714,6.8496
51632,1227,-2.9760,1.4519,-4.9869,0.1100,0.0043,6.3402,0.0354,0.0100,0.0489,-2.9730,1.4520,-5.1204,0.1073,0.0105,6.5066,6.3400
51633,1483,-2.9915,1.4452,-5.3822,0.1026,0.0038,6.3645,0.0354,0.0100,0.0500,-2.9912,1.4452,-5.3214,0.1032,0.0105,6.4277,6.3643
51635,2614,-2.9733,1.4497,-5.0558,0.0983,0.0051,6.1699,0.0346,0.0099,0.0486,-2.9722,1.4496,-5.0130,0.0973,0.0105,6.1647,6.1697
51640,1023,-2.9931,1.4363,-6.0737,0.1539,0.0042,8.3666,0.0388,0.0101,0.0494,-2.9974,1.4364,-6.0552,0.1583,0.0105,8.5424,8.3664
51641,144,-2.9668,1.4339,-6.4335,0.1652,0.0034,8.1494,0.0404,0.0104,0.0439,-2.9704,1.4340,-6.2200,0.1608,0.0111,8.3677,8.1493
51642,6601,-2.9790,1.4448,-6.0195,0.1241,0.0042,7.6460,0.0369,0.0100,0.0490,-2.9796,1.4448,-5.9865,0.1243,0.0105,7.8297,7.6459
51643,361,-2.9863,1.4400,-5.6693,0.1058,0.0034,6.4717,0.0376,0.0103,0.0519,-2.9869,1.4398,-5.7721,0.1103,0.0105,6.4608,6.4715
51644,596,-2.9835,1.4460,-5.7322,0.1000,0.0040,6.2877,0.0345,0.0100,0.0490,-2.9829,1.4461,-5.6720,0.0972,0.0105,6.4318,6.2875
51645,329,-2.9777,1.4369,-6.0953,0.0990,0.0032,6.4768,0.0349,0.0099,0.0438,-2.9805,1.4367,-6.1500,0.1012,0.0105,6.3115,6.4767
51647,866,-2.9813,1.4443,-6.2006,0.1041,0.0032,6.5373,0.0361,0.0100,0.0504,-2.9820,1.4442,-6.4031,0.1033,0.0105,6.6739,6.5371
51907,55,-2.9824,1.4556,-6.3139,0.1533,0.0031,6.7641,0.0371,0.0118,0.0512,-2.9863,1.4550,-5.9300,0.1629,0.0126,6.9152,6.7639
51910,59,-2.9698,1.4458,-4.9325,0.1338,0.0040,9.1880,0.0430,0.0113,0.0483,-2.9771,1.4450,-4.4200,0.1357,0.0122,8.7741,9.1878
51911,90,-3.0121,1.4533,-6.3933,0.1208,0.0040,9.2980,0.0359,0.0109,0.0494,-3.0004,1.4530,-6.3700,0.1230,0.0117,9.3011,9.2979
51913,253,-2.9918,1.4550,-5.9866,0.1479,0.0027,8.4471,0.0384,0.0101,0.0466,-2.9955,1.4549,-6.0800,0.1515,0.0107,8.3888,8.4470
51918,90,-2.9760,1.4587,-5.0222,0.1279,0.0037,7.8958,0.0382,0.0111,0.0467,-2.9750,1.4585,-4.8500,0.1380,0.0118,8.2505,7.8956
51971,16,-3.0738,1.3912,-7.3154,0.1556,0.0070,6.8050,0.0497,0.0150,0.0561,-3.0823,1.3882,-9.1800,0.1822,0.0169,6.8939,6.8047
52000,134,-3.1034,1.4607,-5.5683,0.1426,0.0037,8.5386,0.0439,0.0104,0.0509,-3.1172,1.4605,-5.2200,0.1528,0.0111,8.8271,8.5384
52002,848,-3.0762,1.4492,-5.4928,0.1379,0.0040,8.4207,0.0384,0.0100,0.0503,-3.0745,1.4490,-5.2700,0.1383,0.0106,8.4273,8.4206
52003,753,-3.0199,1.4509,-5.0793,0.1247,0.0050,7.6003,0.0364,0.0101,0.0487,-3.0203,1.4509,-5.1772,0.1303,0.0106,7.4678,7.6001
52004,2104,-3.0051,1.4561,-4.4785,0.1087,0.0046,7.0514,0.0367,0.0100,0.0492,-3.0030,1.4560,-4.5727,0.1093,0.0105,7.0278,7.0513
52006,400,-2.9904,1.4620,-3.6133,0.1052,0.0035,6.5954,0.0345,0.0101,0.0466,-2.9918,1.4621,-3.6277,0.1022,0.0104,6.4742,6.5952
52007,408,-2.9781,1.4713,-4.7222,0.1133,0.0032,6.6500,0.0369,0.0102,0.0470,-2.9775,1.4711,-4.8117,0.1173,0.0105,6.5672,6.6499
52008,43,-3.0048,1.4757,-9.8199,0.1132,0.0033,7.9306,0.0375,0.0126,0.0443,-3.0024,1.4761,-9.9200,0.1189,0.0136,7.8544,7.9305
52009,451,-2.9609,1.4726,-7.6234,0.1046,0.0037,7.1432,0.0367,0.0101,0.0482,-2.9596,1.4727,-7.5646,0.1022,0.0104,7.2927,7.1430
52010,1443,-2.9678,1.4799,-5.5962,0.1031,0.0034,6.3844,0.0358,0.0100,0.0499,-2.9683,1.4800,-5.6334,0.1053,0.0105,6.2831,6.3842
52011,859,-3.0166,1.4059,-5.4707,0.1350,0.0033,8.3650,0.0366,0.0100,0.0467,-3.0140,1.4059,-5.4044,0.1303,0.0105,8.5435,8.3649
52012,1501,-3.0080,1.4153,-5.8376,0.1216,0.0072,7.4600,0.0374,0.0100,0.0494,-3.0099,1.4153,-5.8234,0.1253,0.0105,7.4894,7.4598
52023,37,-3.0187,1.4269,-6.3943,0.1098,0.0051,7.4480,0.0333,0.0127,0.0424,-3.0314,1.4278,-6.2800,0.1032,0.0138,6.6984,7.4478
52024,319,-3.0087,1.4249,-5.2648,0.1127,0.0036,7.2536,0.0364,0.0103,0.0508,-3.0069,1.4250,-5.0003,0.1133,0.0105,6.8146,7.2534
52025,17,-2.9795,1.4351,-9.0205,0.0829,0.0062,9.0134,0.0268,0.0181,0.0460,-2.9849,1.4364,-10.9500,0.0912,0.0199,8.9577,9.0133
52026,49,-3.0268,1.4235,-4.6140,0.1052,0.0037,5.9682,0.0384,0.0108,0.0434,-3.0220,1.4242,-5.1900,0.1067,0.0120,6.4420,5.9680
52027,95,-2.9934,1.4296,-5.1065,0.1153,0.0032,6.5898,0.0354,0.0112,0.0476,-2.9942,1.4293,-5.0500,0.1219,0.0118,6.6602,6.5896
52028,94,-2.9830,1.4308,-3.4209,0.1083,0.0035,5.9942,0.0365,0.0108,0.0503,-2.9885,1.4308,-3.2200,0.1129,0.0115,6.1596,5.9940
52029,304,-3.0053,1.4223,-5.3096,0.1146,0.0029,6.9496,0.0364,0.0100,0.0479,-3.0062,1.4222,-5.3300,0.1173,0.0106,7.2586,6.9494
52030,322,-3.0023,1.4234,-5.7710,0.1009,0.0029,7.1655,0.0367,0.0100,0.0513,-3.0052,1.4232,-5.6200,0.1073,0.0105,7.2114,7.1653
52032,2268,-3.0030,1.4219,-5.4783,0.1031,0.0045,6.4485,0.0360,0.0100,0.0483,-3.0022,1.4218,-5.3507,0.1053,0.0105,6.5309,6.4483
52034,272,-3.0146,1.4252,-5.3001,0.1054,0.0031,6.2724,0.0354,0.0100,0.0461,-3.0139,1.4251,-5.4900,0.1093,0.0106,6.3559,6.2722
52037,2478,-3.0245,1.4444,-5.7931,0.1253,0.0044,7.9342,0.0378,0.0100,0.0497,-3.0250,1.4443,-5.8085,0.1203,0.0105,7.8619,7.9340
52039,3623,-3.0173,1.4357,-5.8438,0.1122,0.0045,7.0634,0.0358,0.0099,0.0473,-3.0175,1.4357,-5.9294,0.1103,0.0105,6.9896,7.0632
52040,1586,-3.0078,1.4400,-5.7479,0.0982,0.0040,6.6844,0.0350,0.0099,0.0469,-3.0063,1.4399,-5.7882,0.0942,0.0104,6.7832,6.6843
52041,1397,-3.0065,1.4472,-5.6547,0.0919,0.0033,6.2016,0.0348,0.0099,0.0475,-3.0070,1.4471,-5.6133,0.0932,0.0104,6.2358,6.2015
52042,1495,-2.9953,1.4431,-5.9217,0.1016,0.0039,5.9500,0.0362,0.0100,0.0485,-2.9938,1.4431,-5.9082,0.1042,0.0105,5.8671,5.9498
52090,1827,-2.9934,1.4697,-6.3092,0.1173,0.0041,7.5664,0.0360,0.0100,0.0492,-2.9953,1.4697,-6.3041,0.1143,0.0105,7.6225,7.5662
52091,313,-2.9844,1.4636,-5.1989,0.1050,0.0031,7.0130,0.0350,0.0100,0.0460,-2.9825,1.4634,-5.4400,0.1103,0.0105,6.9733,7.0128
52092,2012,-3.0013,1.4601,-5.7149,0.1103,0.0041,7.2735,0.0358,0.0100,0.0485,-3.0008,1.4600,-5.7368,0.1103,0.0105,7.3317,7.2733
52093,139,-2.9906,1.4599,-6.4835,0.0995,0.0036,6.6736,0.0389,0.0105,0.0559,-2.9838,1.4598,-6.5000,0.1006,0.0111,6.6469,6.6733
52094,49,-2.9986,1.4626,-4.9324,0.1049,0.0037,6.2143,0.0347,0.0117,0.0471,-2.9890,1.4622,-4.8400,0.1055,0.0126,6.5621,6.2141
52095,2329,-2.9993,1.4573,-5.5719,0.1076,0.0036,6.7545,0.0360,0.0101,0.0493,-2.9987,1.4572,-5.6239,0.1095,0.0106,6.6675,6.7543
52096,153,-3.0143,1.4536,-5.1174,0.0963,0.0027,6.1965,0.0356,0.0103,0.0494,-3.0152,1.4533,-4.7700,0.0985,0.0109,6.3318,6.1963
52097,163,-2.9938,1.4591,-5.8970,0.0987,0.0032,5.9698,0.0367,0.0103,0.0497,-2.9920,1.4591,-6.4900,0.1055,0.0109,6.0701,5.9696
52098,432,-2.9991,1.4573,-5.9311,0.0944,0.0059,6.3578,0.0346,0.0101,0.0487,-2.9980,1.4571,-6.0723,0.0894,0.0107,6.0603,6.3576
52099,181,-2.9965,1.4655,-6.0914,0.0940,0.0032,6.1602,0.0357,0.0102,0.0467,-2.9925,1.4656,-5.8500,0.0944,0.0109,6.1593,6.1600
52100,205,-2.9977,1.4583,-5.5749,0.0958,0.0031,5.9906,0.0326,0.0102,0.0468,-2.9992,1.4585,-5.4600,0.0984,0.0108,5.8493,5.9904
52101,1212,-2.9968,1.4568,-5.6000,0.0968,0.0034,6.4127,0.0348,0.0099,0.0506,-2.9962,1.4567,-5.5184,0.1002,0.0105,6.8100,6.4125
52102,257,-2.9957,1.4585,-5.8415,0.1154,0.0033,6.3377,0.0358,0.0101,0.0477,-2.9937,1.4584,-5.7400,0.1133,0.0106,6.3383,6.3375
52106,299,-3.0674,1.4659,-5.1192,0.1473,0.0034,8.1794,0.0395,0.0106,0.0503,-3.0631,1.4660,-5.0073,0.1535,0.0107,8.3546,8.1792
52107,46,-3.0648,1.4519,-6.3146,0.1750,0.0057,8.9282,0.0374,0.0140,0.0481,-3.0590,1.4515,-6.2600,0.2029,0.0148,9.7769,8.9281
52108,613,-3.0455,1.4611,-5.6216,0.1323,0.0046,8.1832,0.0368,0.0100,0.0495,-3.0476,1.4610,-5.6191,0.1353,0.0105,8.4151,8.1830
52110,552,-3.0385,1.4521,-5.6523,0.1356,0.0034,7.8660,0.0381,0.0100,0.0525,-3.0414,1.4516,-5.7276,0.1293,0.0105,7.5065,7.8658
52112,1297,-3.0325,1.4612,-5.4083,0.1372,0.0057,7.7728,0.0365,0.0101,0.0477,-3.0324,1.4611,-5.3390,0.1353,0.0106,7.5690,7.7727
52114,655,-3.0283,1.4706,-5.3066,0.1300,0.0043,7.2106,0.0371,0.0103,0.0500,-3.0281,1.4707,-5.3569,0.1323,0.0106,7.3151,7.2104
52118,337,-3.0467,1.4629,-5.8319,0.1255,0.0030,7.0449,0.0356,0.0099,0.0474,-3.0487,1.4628,-5.6600,0.1293,0.0105,7.0372,7.0447
52122,146,-3.0342,1.4616,-5.5771,0.1035,0.0039,7.4638,0.0342,0.0104,0.0433,-3.0355,1.4613,-5.3600,0.1065,0.0110,7.7855,7.4637
52125,277,-3.0393,1.4608,-4.6104,0.1166,0.0030,7.0052,0.0357,0.0101,0.0459,-3.0359,1.4610,-4.7000,0.1183,0.0106,7.1119,7.0050
52126,13,-3.0753,1.4789,-7.0961,0.0363,0.0109,3.7609,0.0258,0.0147,0.0413,-3.0669,1.4822,-7.7400,0.0500,0.0170,4.2398,3.7607
52132,44,-3.0079,1.4723,-7.1237,0.1391,0.0047,8.8042,0.0383,0.0111,0.0397,-3.0043,1.4721,-7.3900,0.1427,0.0123,9.2002,8.8041
52134,185,-3.0335,1.4500,-5.7861,0.1514,0.0034,9.2877,0.0361,0.0103,0.0449,-3.0297,1.4501,-5.9900,0.1485,0.0108,9.3824,9.2876
52138,46,-3.0368,1.4435,-6.2882,0.1023,0.0042,9.0341,0.0367,0.0120,0.0459,-3.0516,1.4439,-7.4600,0.1189,0.0129,9.3600,9.0340
52142,56,-3.0029,1.4333,-5.8375,0.1700,0.0046,7.6729,0.0405,0.0126,0.0531,-2.9929,1.4335,-5.7100,0.1734,0.0135,7.9709,7.6727
52145,813,-3.0094,1.4315,-5.4967,0.1413,0.0038,8.3731,0.0378,0.0100,0.0477,-3.0142,1.4315,-5.5143,0.1473,0.0106,8.2956,8.3730
52146,319,-3.0326,1.4278,-5.5576,0.1140,0.0033,7.5694,0.0356,0.0099,0.0446,-3.0318,1.4278,-5.4800,0.1193,0.0105,7.4083,7.5692
52148,629,-3.0362,1.4220,-5.6594,0.1057,0.0030,7.4440,0.0356,0.0100,0.0494,-3.0401,1.4220,-5.7724,0.1122,0.0104,7.7230,7.4439
52150,179,-3.0161,1.4278,-5.1703,0.1201,0.0038,6.9267,0.0354,0.0101,0.0464,-3.0225,1.4280,-5.5400,0.1175,0.0108,7.0283,6.9266
52151,278,-3.0282,1.4223,-5.2453,0.1055,0.0030,7.3002,0.0348,0.0101,0.0485,-3.0260,1.4223,-5.3100,0.1023,0.0106,7.3786,7.3000
52152,66,-3.0542,1.4212,-5.3318,0.1263,0.0039,7.9985,0.0375,0.0113,0.0463,-3.0537,1.4211,-5.6600,0.1385,0.0121,7.5723,7.9983
52154,385,-3.0069,1.4286,-5.6205,0.1148,0.0032,6.9227,0.0384,0.0102,0.0491,-3.0005,1.4285,-5.3669,0.1193,0.0105,6.7876,6.9226
52156,1081,-3.0173,1.4290,-5.9732,0.1117,0.0033,6.8464,0.0370,0.0100,0.0482,-3.0163,1.4290,-5.9026,0.1103,0.0105,7.0996,6.8462
52161,372,-3.0201,1.4526,-6.2078,0.1463,0.0043,8.9925,0.0371,0.0103,0.0503,-3.0182,1.4526,-6.1477,0.1434,0.0107,8.7647,8.9923
52163,220,-3.0269,1.4502,-5.3406,0.1281,0.0031,9.7746,0.0380,0.0103,0.0566,-3.0377,1.4503,-5.0300,0.1265,0.0108,9.7342,9.7745
52164,106,-3.0158,1.4367,-5.4908,0.1529,0.0033,9.8112,0.0365,0.0108,0.0484,-3.0084,1.4363,-5.7800,0.1510,0.0114,9.8410,9.8111
52168,300,-3.0074,1.4448,-4.6783,0.1260,0.0030,8.5174,0.0357,0.0100,0.0495,-3.0111,1.4448,-4.4900,0.1303,0.0106,8.7743,8.5172
52169,107,-3.0129,1.4407,-4.4573,0.1277,0.0032,7.9894,0.0370,0.0108,0.0469,-3.0110,1.4404,-5.0800,0.1259,0.0115,8.2530,7.9893
52170,1124,-3.0119,1.4423,-5.1587,0.1211,0.0038,7.8095,0.0358,0.0100,0.0500,-3.0120,1.4420,-5.1873,0.1232,0.0105,7.9497,7.8093
52171,352,-3.0098,1.4506,-5.0453,0.1320,0.0028,6.9732,0.0372,0.0100,0.0479,-3.0091,1.4507,-5.0900,0.1313,0.0105,6.8307,6.9731
52172,737,-3.0170,1.4470,-4.9023,0.1283,0.0038,7.1507,0.0361,0.0102,0.0486,-3.0101,1.4470,-5.0504,0.1253,0.0105,6.9571,7.1505
52179,1076,-3.0174,1.4484,-6.8122,0.1123,0.0035,7.3462,0.0365,0.0099,0.0495,-3.0177,1.4483,-6.9035,0.1132,0.0105,7.3510,7.3460
52180,431,-3.0078,1.4484,-5.0854,0.1045,0.0048,7.0322,0.0360,0.0102,0.0516,-3.0098,1.4482,-4.7429,0.1052,0.0104,7.1967,7.0320
52181,305,-3.0007,1.4528,-5.0914,0.0998,0.0031,6.8392,0.0346,0.0099,0.0465,-3.0030,1.4528,-5.3600,0.1013,0.0105,6.8030,6.8390
52182,666,-3.0043,1.4387,-4.4288,0.1034,0.0046,6.8154,0.0359,0.0099,0.0484,-3.0044,1.4386,-4.4677,0.1112,0.0104,6.9200,6.8152
52183,217,-3.0252,1.4392,-5.4967,0.1056,0.0033,7.1331,0.0347,0.0101,0.0472,-3.0274,1.4392,-5.8300,0.1074,0.0107,6.9497,7.1330
52185,243,-3.0048,1.4349,-5.8454,0.0942,0.0036,6.4749,0.0342,0.0100,0.0468,-3.0068,1.4349,-5.9800,0.0903,0.0106,6.6120,6.4747
52187,690,-3.0052,1.4323,-4.9597,0.0971,0.0042,6.8679,0.0363,0.0102,0.0525,-3.0052,1.4322,-4.9257,0.1022,0.0105,6.6846,6.8677
52188,1855,-3.0057,1.4241,-4.8808,0.0981,0.0070,6.8218,0.0356,0.0099,0.0486,-3.0049,1.4240,-5.0064,0.1033,0.0105,6.8583,6.8216
52213,235,-3.0035,1.4063,-4.6239,0.1498,0.0032,8.6176,0.0369,0.0103,0.0491,-3.0082,1.4064,-5.1000,0.1585,0.0108,8.6805,8.6174
52214,192,-3.0166,1.4142,-5.5919,0.1346,0.0035,8.8283,0.0405,0.0101,0.0491,-3.0187,1.4141,-5.9000,0.1425,0.0108,8.9726,8.8282
52215,178,-3.0149,1.4166,-5.4443,0.1288,0.0029,8.8715,0.0409,0.0103,0.0585,-3.0109,1.4171,-5.2600,0.1356,0.0109,8.7445,8.8713
52219,466,-3.0238,1.4149,-4.8218,0.1521,0.0048,8.5641,0.0398,0.0102,0.0514,-3.0265,1.4150,-4.8146,0.1484,0.0106,8.4971,8.5640
52220,218,-3.0349,1.4190,-5.0138,0.1521,0.0034,9.4373,0.0405,0.0103,0.0548,-3.0277,1.4188,-5.0200,0.1515,0.0108,9.4726,9.4371
52221,392,-3.0433,1.4265,-5.8258,0.1420,0.0036,8.6848,0.0403,0.0102,0.0523,-3.0445,1.4264,-5.6608,0.1464,0.0105,9.1025,8.6847
52222,124,-2.9954,1.4346,-4.7305,0.1369,0.0031,8.8084,0.0400,0.0107,0.0557,-2.9964,1.4352,-4.3700,0.1449,0.0113,9.2429,8.8083
52223,368,-3.0386,1.4268,-5.3434,0.1529,0.0050,9.2603,0.0385,0.0103,0.0480,-3.0401,1.4266,-5.1830,0.1593,0.0105,9.4316,9.2602
52224,100,-3.0617,1.4291,-3.4800,0.1570,0.0032,8.6596,0.0423,0.0109,0.0528,-3.0525,1.4299,-3.2100,0.1682,0.0116,8.3081,8.6594
52226,289,-3.0388,1.4294,-4.8060,0.1425,0.0030,8.4043,0.0389,0.0101,0.0529,-3.0355,1.4294,-4.6800,0.1374,0.0106,8.1998,8.4042
52227,489,-3.0430,1.4266,-5.8331,0.1481,0.0034,8.1102,0.0374,0.0102,0.0533,-3.0411,1.4265,-5.8497,0.1523,0.0105,7.8916,8.1100
52228,229,-3.0446,1.4333,-5.3696,0.1628,0.0033,8.0237,0.0393,0.0102,0.0478,-3.0471,1.4339,-5.1600,0.1585,0.0107,7.9325,8.0236
52230,3532,-3.0349,1.4383,-4.9918,0.1295,0.0050,7.5870,0.0377,0.0100,0.0490,-3.0332,1.4383,-4.8689,0.1283,0.0105,7.6668,7.5868
52231,1110,-3.0359,1.4436,-4.9386,0.1185,0.0036,6.5425,0.0366,0.0100,0.0466,-3.0359,1.4436,-4.9278,0.1273,0.0105,6.4937,6.5423
52232,1550,-3.0180,1.4476,-4.8264,0.1077,0.0052,6.3024,0.0354,0.0099,0.0483,-3.0180,1.4477,-4.7767,0.1052,0.0105,6.1857,6.3023
52239,956,-3.0482,1.4177,-5.9494,0.1335,0.0040,8.1715,0.0369,0.0100,0.0488,-3.0455,1.4177,-5.9870,0.1343,0.0105,7.8972,8.1713
52240,195,-3.0370,1.4076,-4.6909,0.1215,0.0033,6.8866,0.0373,0.0103,0.0450,-3.0394,1.4074,-4.8200,0.1235,0.0109,6.8164,6.8864
52241,1053,-3.0394,1.4008,-6.1174,0.1214,0.0062,7.3704,0.0357,0.0100,0.0482,-3.0365,1.4008,-6.1028,0.1203,0.0105,7.4786,7.3703
52244,2024,-3.0196,1.3942,-5.8721,0.1250,0.0045,7.3979,0.0367,0.0100,0.0496,-3.0199,1.3941,-5.9375,0.1202,0.0105,7.3356,7.3977
52250,4734,-2.9988,1.4074,-5.8109,0.1232,0.0042,7.3245,0.0373,0.0099,0.0490,-2.9988,1.4074,-5.7986,0.1253,0.0105,7.3716,7.3244
52251,659,-3.0079,1.4078,-6.1508,0.1170,0.0033,6.5229,0.0379,0.0099,0.0492,-3.0085,1.4077,-5.9566,0.1223,0.0104,6.5965,6.5227
52259,175,-2.9675,1.4386,-5.0095,0.1521,0.0033,8.6312,0.0383,0.0102,0.0473,-2.9688,1.4382,-5.4300,0.1567,0.0109,8.6597,8.6311
52260,1776,-2.9935,1.4382,-5.6624,0.1515,0.0044,8.2024,0.0390,0.0102,0.0512,-2.9944,1.4381,-5.5312,0.1564,0.0106,7.8733,8.2022
52261,1604,-2.9731,1.4421,-5.6608,0.1384,0.0038,7.7598,0.0376,0.0100,0.0488,-2.9756,1.4420,-5.6193,0.1283,0.0105,7.9329,7.7596
52263,883,-2.9634,1.4387,-5.6458,0.1124,0.0051,6.9534,0.0370,0.0100,0.0499,-2.9649,1.4387,-5.6233,0.1094,0.0106,7.0318,6.9533
52265,2959,-2.9808,1.4331,-5.6967,0.1185,0.0047,6.8308,0.0371,0.0100,0.0506,-2.9832,1.4330,-5.6262,0.1193,0.0105,6.8712,6.8306
52271,111,-2.9634,1.4199,-5.5202,0.0877,0.0036,6.4002,0.0305,0.0107,0.0483,-2.9666,1.4197,-5.6100,0.0926,0.0114,6.3056,6.4000
52273,365,-2.9727,1.4210,-4.4489,0.1070,0.0031,6.1211,0.0351,0.0098,0.0441,-2.9726,1.4210,-4.3900,0.1072,0.0104,6.2548,6.1210
52274,2478,-2.9794,1.4278,-5.5039,0.1023,0.0088,5.9920,0.0351,0.0100,0.0487,-2.9795,1.4278,-5.4406,0.1022,0.0105,6.1010,5.9918
52277,3150,-3.0209,1.4326,-5.9293,0.1478,0.0051,8.6243,0.0385,0.0100,0.0493,-3.0192,1.4326,-5.8903,0.1443,0.0105,8.5604,8.6242
52279,1554,-3.0141,1.4214,-5.8818,0.1428,0.0055,8.2087,0.0380,0.0100,0.0491,-3.0158,1.4214,-5.9784,0.1423,0.0106,8.1729,8.2086
52280,606,-3.0160,1.4076,-6.0072,0.1420,0.0029,7.7022,0.0380,0.0101,0.0464,-3.0099,1.4075,-6.0755,0.1353,0.0105,8.0076,7.7021
52281,1938,-3.0183,1.4047,-5.8915,0.1338,0.0046,7.6110,0.0388,0.0100,0.0521,-3.0176,1.4047,-5.8713,0.1303,0.0105,7.7173,7.6108
52282,212,-2.9872,1.4065,-5.3982,0.1544,0.0031,6.8988,0.0380,0.0103,0.0519,-2.9962,1.4063,-5.2100,0.1545,0.0108,6.6655,6.8986
52283,1812,-3.0078,1.4099,-5.8417,0.1311,0.0038,7.4209,0.0381,0.0100,0.0522,-3.0086,1.4099,-5.9959,0.1283,0.0105,7.5075,7.4208
52284,835,-3.0023,1.4093,-5.6242,0.1189,0.0043,7.0407,0.0374,0.0100,0.0470,-3.0014,1.4091,-5.7428,0.1203,0.0105,7.1264,7.0406
52285,941,-2.9883,1.4038,-5.3527,0.1134,0.0030,6.5177,0.0361,0.0100,0.0493,-2.9889,1.4038,-5.1583,0.1173,0.0105,6.5441,6.5175
52293,1324,-3.0468,1.4138,-4.1582,0.1449,0.0041,8.5608,0.0386,0.0101,0.0507,-3.0492,1.4138,-4.2121,0.1433,0.0105,8.5025,8.5606
52295,41,-3.0499,1.4192,-6.0076,0.0897,0.0033,8.8526,0.0371,0.0132,0.0480,-3.0411,1.4196,-5.5000,0.0980,0.0141,8.9611,8.8524
52296,211,-3.0375,1.4089,-4.2403,0.1238,0.0030,8.3963,0.0390,0.0103,0.0501,-3.0334,1.4087,-4.4400,0.1315,0.0109,8.4141,8.3961
52297,962,-3.0426,1.4074,-5.4319,0.1335,0.0036,7.6006,0.0374,0.0100,0.0471,-3.0403,1.4072,-5.3979,0.1313,0.0105,7.4941,7.6005
52298,1278,-3.0521,1.4050,-6.7302,0.1381,0.0036,8.9643,0.0381,0.0100,0.0501,-3.0538,1.4049,-6.8040,0.1493,0.0105,9.3533,8.9641
52300,1724,-3.0587,1.3946,-4.9141,0.1205,0.0039,7.3121,0.0362,0.0100,0.0504,-3.0580,1.3944,-4.8406,0.1183,0.0105,7.3965,7.3119
52302,184,-3.0558,1.4072,-5.3784,0.1180,0.0029,7.3481,0.0384,0.0103,0.0481,-3.0657,1.4069,-5.6600,0.1255,0.0109,7.5028,7.3480
52303,637,-3.0443,1.4047,-5.4623,0.1094,0.0037,6.7113,0.0363,0.0100,0.0502,-3.0466,1.4048,-5.2601,0.1132,0.0104,6.5530,6.7111
52304,2877,-3.0261,1.4098,-5.2321,0.1039,0.0052,6.3137,0.0358,0.0100,0.0489,-3.0261,1.4097,-5.3047,0.1052,0.0105,6.1991,6.3135
52305,183,-3.0141,1.4142,-5.4347,0.1107,0.0034,5.9181,0.0357,0.0102,0.0501,-3.0256,1.4146,-5.3800,0.1095,0.0108,5.8667,5.9179
52306,1143,-3.0112,1.4073,-5.3271,0.0975,0.0039,6.1668,0.0345,0.0100,0.0493,-3.0090,1.4071,-5.3145,0.1012,0.0105,6.0837,6.1666
52625,176,-3.0730,1.4205,-7.4638,0.1408,0.0034,7.3897,0.0414,0.0102,0.0497,-3.0690,1.4201,-7.5600,0.1466,0.0108,7.5758,7.3895
52627,105,-3.0516,1.4197,-7.4080,0.1313,0.0024,6.8569,0.0355,0.0112,0.0510,-3.0476,1.4193,-7.6200,0.1290,0.0118,7.1769,6.8567
52628,143,-3.0828,1.4254,-7.8124,0.1266,0.0033,6.7354,0.0402,0.0107,0.0530,-3.0848,1.4257,-8.2700,0.1307,0.0112,6.4927,6.7352
52635,25,-3.0229,1.4163,-9.2990,0.1311,0.0044,5.2499,0.0405,0.0137,0.0476,-3.0288,1.4177,-9.3600,0.1261,0.0152,5.7284,5.2497
52636,104,-3.0697,1.4140,-6.8300,0.1374,0.0032,7.3805,0.0409,0.0107,0.0616,-3.0739,1.4139,-6.9900,0.1460,0.0114,7.7307,7.3802
52637,109,-3.0542,1.4073,-5.8915,0.0998,0.0039,6.2000,0.0398,0.0110,0.0536,-3.0585,1.4070,-6.0700,0.1048,0.0116,6.4171,6.1997
52639,203,-3.0024,1.4167,-5.5196,0.1038,0.0028,5.8836,0.0356,0.0102,0.0468,-3.0082,1.4167,-5.5600,0.1074,0.0108,6.0904,5.8835
52640,138,-3.0003,1.4151,-6.4833,0.1003,0.0035,5.4509,0.0332,0.0105,0.0490,-3.0068,1.4146,-6.2300,0.1026,0.0111,5.4698,5.4507
52644,241,-3.0044,1.4299,-5.7475,0.1118,0.0034,5.6083,0.0358,0.0101,0.0473,-3.0113,1.4299,-5.5300,0.1134,0.0106,5.7277,5.6081
52676,88,-3.0583,1.4560,-7.3014,0.1312,0.0026,6.8067,0.0399,0.0111,0.0526,-3.0581,1.4564,-7.3000,0.1341,0.0117,7.1391,6.8065
52700,240,-3.0915,1.4529,-6.1198,0.1495,0.0033,8.5722,0.0408,0.0101,0.0525,-3.0884,1.4529,-5.9000,0.1615,0.0107,8.6163,8.5720
52706,406,-3.0923,1.4593,-6.4203,0.1603,0.0031,7.7299,0.0387,0.0103,0.0491,-3.0916,1.4593,-6.1503,0.1704,0.0106,7.9138,7.7297
52711,49,-3.0889,1.4753,-8.2531,0.1297,0.0037,6.5854,0.0365,0.0122,0.0479,-3.0955,1.4756,-8.8200,0.1410,0.0131,6.6504,6.5853
52715,53,-3.0631,1.4643,-4.6425,0.1650,0.0039,7.2312,0.0375,0.0118,0.0416,-3.0608,1.4644,-4.2600,0.1710,0.0126,7.5699,7.2311
52718,295,-3.0740,1.4603,-5.8208,0.1434,0.0034,6.7944,0.0358,0.0099,0.0452,-3.0732,1.4601,-5.8100,0.1433,0.0105,6.7796,6.7942
52720,534,-3.0624,1.4641,-6.5028,0.1481,0.0031,7.1005,0.0384,0.0100,0.0499,-3.0625,1.4642,-6.5816,0.1503,0.0105,6.9304,7.1003
52722,74,-3.0737,1.4514,-7.2675,0.1291,0.0037,7.0982,0.0352,0.0117,0.0427,-3.0831,1.4507,-7.6200,0.1313,0.0124,7.1564,7.0980
52730,233,-3.0694,1.4563,-5.8592,0.1432,0.0029,7.3970,0.0366,0.0103,0.0497,-3.0668,1.4564,-5.7700,0.1424,0.0108,7.2384,7.3969
52733,38,-3.1270,1.4529,-5.4288,0.1171,0.0058,8.8061,0.0444,0.0122,0.0524,-3.1494,1.4514,-5.3800,0.1285,0.0133,8.3693,8.8059
52735,273,-3.0708,1.4498,-6.8888,0.1411,0.0030,6.9781,0.0381,0.0100,0.0466,-3.0687,1.4499,-6.6800,0.1504,0.0106,7.1834,6.9780
52740,41,-3.0502,1.4481,-6.2017,0.1415,0.0047,7.4635,0.0385,0.0135,0.0522,-3.0389,1.4481,-5.7400,0.1375,0.0146,7.5328,7.4633
52743,426,-3.0470,1.4501,-6.4452,0.1315,0.0030,6.4426,0.0383,0.0101,0.0465,-3.0446,1.4503,-6.2332,0.1353,0.0106,6.2512,6.4424
52760,2579,-3.0425,1.4414,-6.6413,0.1379,0.0106,7.5196,0.0392,0.0101,0.0508,-3.0413,1.4413,-6.7359,0.1404,0.0106,7.4279,7.5195
52762,466,-3.0498,1.4256,-6.5024,0.1501,0.0044,6.9484,0.0373,0.0102,0.0457,-3.0535,1.4254,-6.1911,0.1394,0.0107,7.1306,6.9483
52763,267,-3.0629,1.4280,-6.0573,0.1454,0.0028,6.9233,0.0385,0.0100,0.0502,-3.0608,1.4280,-6.2700,0.1464,0.0106,6.9802,6.9231
52764,136,-3.0518,1.4318,-7.1441,0.1076,0.0034,6.2957,0.0378,0.0104,0.0544,-3.0532,1.4318,-7.3700,0.1056,0.0111,6.3195,6.2955
52765,43,-3.0628,1.4319,-5.8321,0.0946,0.0046,5.7699,0.0382,0.0116,0.0394,-3.0523,1.4319,-6.0600,0.1037,0.0127,5.8755,5.7698
52767,249,-3.0499,1.4284,-5.8407,0.0982,0.0036,6.6242,0.0351,0.0099,0.0454,-3.0445,1.4285,-5.6500,0.1023,0.0106,6.6925,6.6241
52769,109,-3.0455,1.4314,-6.2874,0.0941,0.0036,6.4330,0.0378,0.0105,0.0583,-3.0480,1.4314,-5.9700,0.1068,0.0112,6.3843,6.4327
52770,1281,-3.0113,1.4307,-6.1206,0.1137,0.0040,5.8983,0.0367,0.0100,0.0512,-3.0104,1.4307,-6.1625,0.1153,0.0105,5.8321,5.8980
52772,518,-3.0199,1.4355,-6.4707,0.1069,0.0032,5.8975,0.0350,0.0101,0.0460,-3.0200,1.4353,-6.5640,0.1072,0.0105,6.1242,5.8973
52775,1298,-3.0243,1.4324,-5.5689,0.1095,0.0039,5.8088,0.0357,0.0099,0.0463,-3.0254,1.4325,-5.7274,0.1103,0.0105,5.6958,5.8086
52777,470,-3.0104,1.4333,-6.2035,0.1138,0.0039,5.4150,0.0365,0.0102,0.0485,-3.0128,1.4331,-6.3978,0.1163,0.0105,5.5059,5.4148
52778,471,-3.0193,1.4321,-6.2245,0.1059,0.0034,5.7924,0.0370,0.0101,0.0503,-3.0250,1.4318,-6.1207,0.1063,0.0105,5.6744,5.7922
52786,45,-3.0593,1.4324,-6.1446,0.1320,0.0044,7.4665,0.0344,0.0138,0.0446,-3.0561,1.4323,-5.7200,0.1372,0.0146,7.1865,7.4664
52788,335,-3.0536,1.4339,-6.1800,0.1267,0.0032,7.8970,0.0377,0.0099,0.0497,-3.0486,1.4339,-6.2200,0.1273,0.0105,7.8146,7.8969
52790,1403,-3.0521,1.4377,-6.4005,0.1261,0.0042,8.0343,0.0380,0.0100,0.0497,-3.0520,1.4377,-6.3300,0.1303,0.0106,8.1018,8.0341
52793,362,-3.0588,1.4370,-5.8552,0.1066,0.0030,7.4912,0.0361,0.0099,0.0477,-3.0622,1.4371,-5.7300,0.1132,0.0104,7.5253,7.4910
52796,291,-3.0395,1.4320,-5.8243,0.1081,0.0031,7.3370,0.0394,0.0100,0.0518,-3.0367,1.4318,-5.5400,0.1153,0.0106,7.2007,7.3368
52798,1552,-3.0421,1.4304,-6.2297,0.1063,0.0036,6.9859,0.0364,0.0099,0.0486,-3.0396,1.4303,-6.2461,0.1102,0.0104,6.9946,6.9857
52800,389,-3.0461,1.4291,-6.2476,0.1090,0.0049,7.0864,0.0364,0.0101,0.0459,-3.0459,1.4290,-6.1738,0.1133,0.0104,7.3646,7.0863
52801,330,-3.0526,1.4302,-5.4291,0.1035,0.0030,6.8177,0.0359,0.0101,0.0509,-3.0570,1.4302,-5.5500,0.1043,0.0106,6.7241,6.8175
52803,105,-3.0406,1.4261,-6.9133,0.1077,0.0030,6.5214,0.0394,0.0107,0.0507,-3.0352,1.4262,-6.4700,0.1069,0.0113,6.7078,6.5212
52805,181,-3.0648,1.4206,-6.6386,0.1116,0.0031,6.8591,0.0343,0.0103,0.0437,-3.0671,1.4205,-6.7500,0.1185,0.0109,6.8063,6.8589
52806,767,-3.0480,1.4223,-5.4406,0.1045,0.0040,6.7584,0.0346,0.0100,0.0459,-3.0505,1.4223,-5.5612,0.1089,0.0104,6.8672,6.7583
52809,1878,-3.0427,1.4306,-6.3177,0.1178,0.0035,6.6340,0.0370,0.0100,0.0475,-3.0445,1.4306,-6.2609,0.1163,0.0105,6.5716,6.6338
52811,625,-3.0554,1.4297,-6.5767,0.1169,0.0043,6.6916,0.0346,0.0100,0.0489,-3.0554,1.4296,-6.4238,0.1113,0.0105,6.5283,6.6914
52812,308,-3.0603,1.4284,-6.1975,0.1322,0.0028,6.8967,0.0367,0.0100,0.0478,-3.0629,1.4284,-6.2500,0.1373,0.0106,6.9290,6.8966
52818,1333,-3.0373,1.4414,-5.9176,0.1138,0.0078,6.6408,0.0354,0.0101,0.0479,-3.0388,1.4412,-5.8528,0.1153,0.0106,6.2232,6.6407
52866,3374,-3.0940,1.4270,-6.3325,0.1219,0.0044,7.4981,0.0362,0.0101,0.0484,-3.0956,1.4270,-6.3309,0.1204,0.0106,7.3013,7.4979
52868,4935,-3.1101,1.4143,-6.1089,0.1061,0.0050,6.2941,0.0357,0.0100,0.0483,-3.1112,1.4142,-6.1737,0.1072,0.0105,6.3602,6.2939
52877,1599,-3.0393,1.4218,-6.1070,0.1234,0.0041,7.6345,0.0369,0.0101,0.0483,-3.0392,1.4219,-6.1637,0.1244,0.0106,7.6238,7.6343
52879,182,-3.0299,1.4129,-6.0444,0.1177,0.0029,7.6529,0.0391,0.0103,0.0481,-3.0231,1.4123,-6.2400,0.1235,0.0109,7.6332,7.6528
52881,517,-3.0420,1.4181,-5.9750,0.1212,0.0041,7.5723,0.0374,0.0101,0.0510,-3.0369,1.4183,-6.1967,0.1283,0.0106,7.9633,7.5721
52882,469,-3.0152,1.4131,-5.7889,0.1220,0.0032,7.4724,0.0390,0.0101,0.0497,-3.0171,1.4129,-5.7851,0.1184,0.0107,7.6690,7.4722
52884,837,-3.0022,1.4146,-6.8318,0.1198,0.0033,7.4975,0.0372,0.0100,0.0489,-2.9997,1.4146,-6.7893,0.1214,0.0105,7.5759,7.4974
52887,659,-2.9887,1.4136,-6.3779,0.1179,0.0036,7.0917,0.0357,0.0101,0.0459,-2.9887,1.4134,-6.2803,0.1153,0.0106,7.0863,7.0916
52888,1209,-2.9903,1.4125,-6.3673,0.1102,0.0048,6.8137,0.0365,0.0100,0.0481,-2.9883,1.4123,-6.4821,0.1193,0.0105,6.8100,6.8135
52889,461,-3.0012,1.4135,-6.1334,0.0983,0.0045,6.4098,0.0347,0.0101,0.0473,-3.0037,1.4132,-6.2097,0.1042,0.0105,6.6061,6.4096
52890,341,-3.0021,1.4126,-5.9800,0.1122,0.0033,6.8225,0.0357,0.0102,0.0494,-3.0019,1.4125,-5.6962,0.1132,0.0105,6.8613,6.8223
52891,3728,-2.9884,1.4124,-6.6640,0.1008,0.0060,6.0683,0.0352,0.0100,0.0493,-2.9887,1.4123,-6.6643,0.1053,0.0105,6.1661,6.0681
52892,116,-2.9697,1.4129,-5.9516,0.0908,0.0032,4.8994,0.0322,0.0106,0.0498,-2.9709,1.4131,-5.7800,0.0856,0.0113,4.9772,4.8991
52893,77,-2.9798,1.4187,-6.0892,0.0932,0.0034,5.8664,0.0309,0.0114,0.0454,-2.9788,1.4186,-5.8000,0.0990,0.0121,6.2072,5.8662
52896,703,-2.9594,1.4136,-6.8511,0.0997,0.0043,5.5797,0.0356,0.0100,0.0497,-2.9591,1.4136,-6.7200,0.0973,0.0105,5.4672,5.5794
52898,114,-2.9472,1.4138,-6.8872,0.0901,0.0029,5.5726,0.0336,0.0105,0.0430,-2.9472,1.4139,-6.8700,0.0976,0.0112,5.6249,5.5724
52900,742,-2.9807,1.4108,-6.1887,0.1019,0.0044,5.4840,0.0348,0.0100,0.0514,-2.9779,1.4107,-6.2405,0.1023,0.0105,5.4766,5.4838
52902,544,-2.9967,1.4065,-5.9582,0.1048,0.0033,5.7984,0.0371,0.0100,0.0502,-2.9933,1.4063,-5.8876,0.1083,0.0105,5.5125,5.7982
52904,917,-2.9960,1.4046,-5.3641,0.1116,0.0039,5.8459,0.0364,0.0100,0.0481,-2.9949,1.4045,-5.4183,0.1143,0.0105,5.9046,5.8457
52906,40,-3.0192,1.4166,-5.1609,0.1037,0.0039,6.3494,0.0395,0.0117,0.0442,-3.0223,1.4179,-5.6700,0.1073,0.0130,6.3195,6.3493
52908,121,-3.0402,1.4059,-6.4185,0.1037,0.0033,5.5040,0.0355,0.0106,0.0492,-3.0443,1.4060,-6.9500,0.1007,0.0113,6.5284,5.5038
52912,750,-3.0083,1.4006,-8.1055,0.1086,0.0037,6.5180,0.0363,0.0101,0.0508,-3.0093,1.4005,-8.0764,0.1095,0.0106,6.7015,6.5178
52913,59,-3.0302,1.3936,-6.4637,0.1133,0.0039,6.1810,0.0325,0.0120,0.0444,-3.0293,1.3934,-6.9100,0.1134,0.0128,6.3081,6.1808
52914,52,-2.9906,1.4008,-6.5076,0.1018,0.0041,6.0873,0.0370,0.0117,0.0473,-2.9854,1.4005,-6.3700,0.1035,0.0126,5.8604,6.0871
52915,39,-3.0252,1.3926,-4.9649,0.1182,0.0050,6.3128,0.0384,0.0127,0.0546,-3.0282,1.3915,-5.9900,0.1263,0.0137,6.5647,6.3126
52986,75,-3.0504,1.4278,-8.6260,0.1065,0.0035,8.0265,0.0344,0.0113,0.0431,-3.0517,1.4272,-8.3600,0.1101,0.0120,8.2533,8.0264
52987,118,-3.0684,1.4379,-6.4878,0.1248,0.0028,8.9789,0.0377,0.0106,0.0514,-3.0758,1.4377,-6.3000,0.1257,0.0112,9.3275,8.9788
52992,1772,-3.0841,1.4262,-6.1373,0.1101,0.0049,6.8669,0.0363,0.0100,0.0491,-3.0836,1.4261,-6.0415,0.1123,0.0105,7.1338,6.8668
53024,210,-3.0558,1.4308,-6.5684,0.1352,0.0031,8.7641,0.0380,0.0104,0.0505,-3.0451,1.4308,-6.1400,0.1355,0.0109,8.5834,8.7640
53025,175,-3.0466,1.4260,-5.6722,0.1331,0.0027,7.3717,0.0369,0.0104,0.0468,-3.0369,1.4261,-5.5200,0.1285,0.0109,7.5754,7.3715
53026,966,-3.0568,1.4152,-6.4143,0.1294,0.0049,7.8356,0.0375,0.0100,0.0473,-3.0591,1.4151,-6.5863,0.1353,0.0105,7.7622,7.8355
53027,1076,-3.0584,1.4118,-6.9646,0.1302,0.0032,7.5900,0.0362,0.0099,0.0460,-3.0599,1.4116,-7.2621,0.1262,0.0104,7.6646,7.5898
53028,240,-3.0548,1.4179,-6.1630,0.1437,0.0032,7.5211,0.0387,0.0102,0.0503,-3.0538,1.4177,-6.1900,0.1494,0.0107,7.6112,7.5209
53029,288,-3.0555,1.4201,-6.7838,0.1137,0.0029,7.1500,0.0372,0.0100,0.0506,-3.0554,1.4202,-6.8000,0.1143,0.0105,7.2602,7.1498
53030,98,-3.0526,1.4172,-6.1344,0.1169,0.0038,6.1292,0.0353,0.0110,0.0446,-3.0447,1.4173,-6.1800,0.1209,0.0117,6.0800,6.1291
53031,140,-3.0507,1.4158,-6.5030,0.1218,0.0031,7.6640,0.0337,0.0109,0.0457,-3.0509,1.4158,-5.8100,0.1266,0.0114,7.8244,7.6639
53032,190,-3.0594,1.4152,-6.1646,0.1208,0.0033,7.2253,0.0372,0.0104,0.0437,-3.0560,1.4151,-6.3000,0.1225,0.0109,7.4343,7.2251
53034,1509,-3.0420,1.4083,-6.4457,0.1166,0.0048,7.0290,0.0358,0.0100,0.0480,-3.0444,1.4083,-6.5528,0.1163,0.0105,7.1372,7.0289
53035,1600,-3.0383,1.4032,-6.2173,0.1098,0.0042,7.0988,0.0359,0.0101,0.0500,-3.0393,1.4032,-6.1624,0.1093,0.0106,7.1645,7.0986
53036,113,-3.0400,1.4032,-7.1713,0.0980,0.0032,6.4011,0.0365,0.0109,0.0454,-3.0438,1.4026,-7.3200,0.1007,0.0116,6.7742,6.4009
53037,3803,-3.0442,1.4140,-6.3135,0.1100,0.0033,6.5522,0.0364,0.0100,0.0489,-3.0439,1.4141,-6.3161,0.1073,0.0105,6.4632,6.5520
53038,236,-3.0702,1.4105,-6.0518,0.1106,0.0029,6.8989,0.0333,0.0103,0.0483,-3.0656,1.4103,-5.9200,0.1063,0.0108,6.8772,6.8988
53052,166,-3.0596,1.4333,-5.2251,0.1249,0.0036,8.2654,0.0404,0.0104,0.0484,-3.0576,1.4334,-5.1300,0.1326,0.0110,8.2456,8.2652
53060,160,-3.0627,1.4292,-5.3886,0.1338,0.0030,7.2755,0.0388,0.0104,0.0517,-3.0570,1.4289,-5.8400,0.1396,0.0110,7.5280,7.2754
53062,305,-3.0697,1.4311,-5.4468,0.1333,0.0033,8.2911,0.0390,0.0105,0.0512,-3.0749,1.4312,-5.2905,0.1404,0.0106,8.2820,8.2909
53063,363,-3.0773,1.4251,-3.9024,0.1219,0.0034,7.3878,0.0370,0.0103,0.0492,-3.0837,1.4250,-3.8612,0.1193,0.0106,7.6959,7.3877
53064,779,-3.0750,1.4251,-4.0909,0.1346,0.0033,7.3306,0.0382,0.0101,0.0495,-3.0756,1.4249,-3.9638,0.1384,0.0107,7.2529,7.3304
53065,995,-3.0705,1.4243,-4.2330,0.1306,0.0031,7.6115,0.0372,0.0101,0.0479,-3.0681,1.4243,-4.2115,0.1243,0.0106,7.6238,7.6114
53066,1056,-3.0627,1.4183,-4.0772,0.1150,0.0045,6.7363,0.0362,0.0101,0.0497,-3.0650,1.4182,-4.0880,0.1173,0.0106,7.2592,6.7361
53084,186,-3.0825,1.4139,-2.2566,0.1523,0.0030,9.0809,0.0391,0.0104,0.0505,-3.0934,1.4136,-2.3200,0.1616,0.0109,9.0926,9.0808
53085,27,-3.0800,1.4067,-0.2815,0.0952,0.0044,8.4230,0.0389,0.0137,0.0466,-3.0953,1.4049,-0.1300,0.0993,0.0150,9.4879,8.4229
53088,249,-3.0764,1.4122,-2.3269,0.1524,0.0030,9.0695,0.0392,0.0101,0.0529,-3.0765,1.4122,-2.1600,0.1554,0.0107,9.2808,9.0693
53090,1199,-3.1142,1.4111,-3.3114,0.1409,0.0040,8.4548,0.0381,0.0100,0.0507,-3.1125,1.4110,-3.3597,0.1413,0.0106,8.5551,8.4546
53091,88,-3.1058,1.4139,-2.6320,0.1223,0.0030,7.2839,0.0370,0.0108,0.0441,-3.1085,1.4141,-2.4200,0.1300,0.0116,7.6349,7.2838
53092,222,-3.1039,1.4230,-3.5041,0.1068,0.0028,6.5668,0.0349,0.0101,0.0458,-3.1072,1.4230,-3.5000,0.1094,0.0107,6.7957,6.5666
53093,3581,-3.1105,1.4202,-4.4136,0.1042,0.0043,6.3274,0.0353,0.0100,0.0485,-3.1114,1.4201,-4.4334,0.1023,0.0105,6.4943,6.3272
53095,1589,-3.1245,1.4233,-4.4496,0.0999,0.0054,5.7081,0.0349,0.0100,0.0484,-3.1262,1.4232,-4.5983,0.1013,0.0105,5.6413,5.7079
53097,1480,-3.1407,1.4216,-4.6566,0.1089,0.0045,5.9066,0.0355,0.0100,0.0491,-3.1411,1.4216,-4.5756,0.1133,0.0105,6.0072,5.9064
53098,102,-3.1419,1.4166,-4.2571,0.1180,0.0038,5.5957,0.0347,0.0106,0.0457,-3.1429,1.4163,-3.8600,0.1188,0.0113,5.6380,5.5955
53099,1369,-3.1262,1.4179,-4.0507,0.1112,0.0055,5.8001,0.0360,0.0100,0.0455,-3.1249,1.4179,-4.0273,0.1092,0.0105,6.0531,5.7999
53101,1576,-3.1405,1.4129,-4.1716,0.1076,0.0033,6.0589,0.0360,0.0100,0.0474,-3.1413,1.4129,-4.2394,0.1133,0.0105,5.9619,6.0587
53124,265,-3.0581,1.3796,-6.7662,0.1661,0.0029,8.3128,0.0395,0.0102,0.0549,-3.0609,1.3794,-6.7800,0.1705,0.0107,8.6292,8.3127
53126,2461,-3.1056,1.3708,-6.2325,0.1393,0.0067,7.5867,0.0387,0.0101,0.0508,-3.1043,1.3708,-6.2760,0.1404,0.0106,7.3381,7.5865
53127,84,-3.1061,1.3566,-5.0717,0.1127,0.0039,6.7587,0.0313,0.0108,0.0348,-3.1041,1.3564,-5.3400,0.1139,0.0116,7.1742,6.7586
53128,616,-3.1005,1.3629,-5.8748,0.1060,0.0034,6.7569,0.0352,0.0102,0.0463,-3.0998,1.3629,-5.6659,0.1033,0.0105,6.6546,6.7567
53129,43,-3.0928,1.3705,-6.4496,0.0961,0.0049,6.1635,0.0385,0.0123,0.0529,-3.1014,1.3713,-6.8600,0.0959,0.0134,6.6375,6.1633
53130,27,-3.1039,1.3665,-5.4222,0.0848,0.0062,6.1594,0.0296,0.0135,0.0465,-3.1012,1.3682,-5.3000,0.0753,0.0149,5.3421,6.1592
53131,229,-3.0827,1.3600,-5.7319,0.0916,0.0035,6.2985,0.0333,0.0101,0.0484,-3.0823,1.3598,-5.5500,0.0923,0.0107,6.3095,6.2983
53132,146,-3.0882,1.3549,-6.5505,0.0926,0.0030,6.0799,0.0341,0.0106,0.0508,-3.1050,1.3545,-6.3400,0.0945,0.0112,6.3217,6.0797
53133,2949,-3.0837,1.3587,-6.8259,0.1055,0.0063,5.6433,0.0357,0.0100,0.0490,-3.0820,1.3587,-6.8250,0.1032,0.0105,5.7569,5.6431
53135,303,-3.0789,1.3603,-7.5801,0.0925,0.0031,5.6893,0.0354,0.0100,0.0516,-3.0782,1.3605,-7.8100,0.0973,0.0105,5.7549,5.6891
53136,418,-3.0816,1.3581,-7.1819,0.1081,0.0031,5.1027,0.0369,0.0101,0.0497,-3.0831,1.3578,-7.2279,0.1183,0.0105,5.0934,5.1025
53137,602,-3.0926,1.3672,-7.1519,0.0950,0.0039,5.5266,0.0343,0.0101,0.0498,-3.0938,1.3673,-6.9685,0.0912,0.0105,5.8321,5.5264
53161,2968,-3.0647,1.4085,-5.4930,0.1346,0.0056,8.2057,0.0370,0.0101,0.0480,-3.0632,1.4084,-5.4790,0.1343,0.0106,8.2746,8.2056
53162,1015,-3.0573,1.3973,-5.0679,0.1269,0.0034,7.1567,0.0370,0.0101,0.0489,-3.0577,1.3975,-5.0504,0.1303,0.0106,7.3401,7.1565
53164,35,-3.0769,1.3915,-5.4195,0.1253,0.0040,7.6057,0.0340,0.0134,0.0507,-3.0638,1.3917,-5.7500,0.1329,0.0144,7.1093,7.6055
53165,1152,-3.0360,1.4030,-5.0540,0.1053,0.0050,6.7806,0.0359,0.0101,0.0487,-3.0365,1.4029,-5.0563,0.1123,0.0106,6.7152,6.7804
53166,138,-3.0635,1.4082,-4.7881,0.1046,0.0034,6.7554,0.0339,0.0106,0.0477,-3.0691,1.4082,-4.8500,0.0976,0.0112,6.9375,6.7553
53169,49,-3.0794,1.3956,-4.5286,0.0929,0.0035,5.5248,0.0365,0.0127,0.0511,-3.0771,1.3951,-3.8500,0.1039,0.0135,5.7069,5.5245
53172,2813,-3.0526,1.4021,-5.5998,0.1154,0.0050,5.9018,0.0366,0.0100,0.0490,-3.0516,1.4022,-5.6900,0.1143,0.0106,5.8856,5.9016
53173,2027,-3.0492,1.4037,-6.2753,0.1195,0.0048,5.8483,0.0364,0.0100,0.0491,-3.0486,1.4037,-6.2369,0.1203,0.0106,6.0107,5.8481
53178,1825,-3.0729,1.4653,-8.1201,0.1431,0.0319,8.8659,0.0377,0.0100,0.0499,-3.0724,1.4653,-8.0207,0.1433,0.0105,8.9277,8.8658
53180,44,-3.0558,1.5016,-6.9785,0.1172,0.0062,6.8860,0.0392,0.0124,0.0483,-3.0595,1.5012,-6.9200,0.1394,0.0135,6.9676,6.8858
53181,2059,-3.0569,1.4996,-7.6651,0.1358,0.0046,8.1842,0.0374,0.0100,0.0489,-3.0560,1.4995,-7.6295,0.1373,0.0105,7.9749,8.1841
53183,302,-3.0601,1.5043,-8.0742,0.1308,0.0032,7.4744,0.0385,0.0101,0.0532,-3.0608,1.5040,-7.9800,0.1343,0.0106,7.7445,7.4742
53184,650,-3.0559,1.5061,-7.6364,0.1373,0.0034,7.8863,0.0386,0.0101,0.0485,-3.0595,1.5062,-7.5545,0.1341,0.0105,8.3815,7.8861
53186,793,-3.0675,1.5046,-7.2757,0.1304,0.0035,7.2733,0.0365,0.0101,0.0467,-3.0614,1.5046,-7.0881,0.1273,0.0106,7.4874,7.2732
53188,1938,-3.0562,1.5108,-7.0068,0.1141,0.0058,7.0704,0.0369,0.0100,0.0495,-3.0550,1.5107,-6.8948,0.1153,0.0105,6.9238,7.0703
53189,709,-3.0628,1.5118,-5.7932,0.1043,0.0041,6.0922,0.0359,0.0101,0.0501,-3.0653,1.5119,-5.7507,0.1113,0.0105,6.1501,6.0920
53191,1703,-3.0382,1.5170,-6.6375,0.1037,0.0054,6.1607,0.0356,0.0100,0.0490,-3.0371,1.5170,-6.4793,0.1013,0.0105,6.2634,6.1605
53192,37,-3.0198,1.5145,-6.6723,0.1184,0.0049,4.3897,0.0330,0.0126,0.0432,-3.0200,1.5143,-7.0500,0.1101,0.0136,4.0896,4.3895
53193,289,-3.0098,1.5115,-5.7951,0.1138,0.0031,5.7404,0.0356,0.0100,0.0504,-3.0092,1.5116,-5.7700,0.1173,0.0106,5.8883,5.7402
53194,388,-2.9922,1.5115,-5.8747,0.1012,0.0035,6.2917,0.0358,0.0102,0.0519,-2.9903,1.5119,-6.0090,0.1042,0.0105,6.3354,6.2915
53198,317,-3.0380,1.4134,-7.0893,0.1365,0.0038,8.8592,0.0366,0.0103,0.0472,-3.0315,1.4135,-7.3316,0.1374,0.0106,8.8327,8.8590
53199,1880,-3.0341,1.4203,-7.7819,0.1271,0.0079,8.2315,0.0372,0.0100,0.0508,-3.0361,1.4203,-7.7738,0.1313,0.0105,7.8908,8.2314
53200,85,-3.0366,1.4086,-9.1305,0.1262,0.0031,8.9570,0.0353,0.0111,0.0437,-3.0396,1.4085,-8.7800,0.1189,0.0118,9.0976,8.9569
53203,6237,-3.0254,1.3928,-7.9957,0.1141,0.0106,7.7577,0.0371,0.0100,0.0504,-3.0243,1.3928,-7.9792,0.1142,0.0105,7.6065,7.7576
53224,724,-3.0554,1.3767,-6.8911,0.1364,0.0044,8.3717,0.0390,0.0102,0.0513,-3.0572,1.3768,-6.5959,0.1283,0.0105,8.4750,8.3715
53225,135,-3.0594,1.3787,-6.5983,0.1187,0.0032,7.3822,0.0385,0.0106,0.0470,-3.0590,1.3788,-7.0300,0.1237,0.0112,7.2529,7.3820
53226,51,-3.0756,1.3707,-6.3603,0.1374,0.0042,8.3383,0.0391,0.0119,0.0488,-3.0581,1.3704,-5.6500,0.1462,0.0129,7.4402,8.3381
53228,2043,-3.0517,1.3697,-6.7474,0.1212,0.0036,7.7795,0.0371,0.0100,0.0495,-3.0517,1.3696,-6.6833,0.1223,0.0105,7.7678,7.7793
53229,796,-3.0519,1.3708,-6.0205,0.1108,0.0033,7.2197,0.0379,0.0100,0.0511,-3.0500,1.3708,-6.0897,0.1143,0.0105,7.3965,7.2196
53231,679,-3.0407,1.3760,-4.0271,0.1149,0.0043,6.9843,0.0369,0.0101,0.0522,-3.0373,1.3761,-4.0663,0.1213,0.0105,7.1056,6.9841
53232,183,-3.0500,1.3761,-5.7517,0.0973,0.0031,7.3838,0.0373,0.0101,0.0456,-3.0510,1.3762,-5.8000,0.1045,0.0108,7.6113,7.3837
53233,216,-3.0619,1.3664,-3.9220,0.1094,0.0028,6.6119,0.0362,0.0104,0.0513,-3.0638,1.3664,-3.6400,0.1114,0.0109,6.8446,6.6117
53234,673,-3.0525,1.3704,-4.2974,0.1100,0.0030,6.5528,0.0359,0.0100,0.0492,-3.0511,1.3703,-4.4818,0.1153,0.0105,6.6401,6.5526
53235,1075,-3.0563,1.3690,-4.0771,0.1199,0.0032,6.4278,0.0367,0.0101,0.0488,-3.0562,1.3689,-4.1194,0.1194,0.0106,6.3592,6.4277
53236,814,-3.0435,1.3718,-4.0469,0.1137,0.0054,6.3973,0.0376,0.0101,0.0506,-3.0433,1.3720,-4.1171,0.1173,0.0106,6.3303,6.3971
53243,59,-3.0209,1.3569,-6.8938,0.1221,0.0044,5.3109,0.0371,0.0119,0.0478,-3.0167,1.3573,-6.9400,0.1264,0.0127,5.0431,5.3107
53244,302,-3.0512,1.3591,-5.9166,0.1132,0.0032,5.8608,0.0358,0.0099,0.0456,-3.0479,1.3590,-5.9500,0.1163,0.0105,5.9276,5.8606
53247,532,-3.0485,1.3554,-5.9916,0.1125,0.0032,6.2680,0.0368,0.0100,0.0471,-3.0510,1.3555,-5.7955,0.1223,0.0106,6.1969,6.2678
53249,1093,-3.0460,1.3520,-6.3892,0.1075,0.0042,5.7174,0.0360,0.0100,0.0502,-3.0456,1.3521,-6.5674,0.1093,0.0106,5.9478,5.7172
53250,418,-3.0614,1.3554,-6.0037,0.0918,0.0030,5.9011,0.0339,0.0101,0.0461,-3.0627,1.3554,-5.9957,0.0953,0.0105,5.9681,5.9009
53274,346,-3.0715,1.3966,-5.3134,0.1484,0.0035,8.3533,0.0396,0.0103,0.0548,-3.0681,1.3963,-5.4515,0.1393,0.0105,8.6922,8.3531
53276,250,-3.1425,1.3993,-6.4077,0.1443,0.0029,8.6651,0.0403,0.0101,0.0487,-3.1429,1.3989,-6.5400,0.1414,0.0106,8.9585,8.6650
53277,648,-3.1032,1.3963,-6.4443,0.1326,0.0035,7.4282,0.0391,0.0102,0.0534,-3.1044,1.3961,-6.2329,0.1237,0.0106,7.2795,7.4280
53279,1815,-3.0966,1.3837,-5.5920,0.1135,0.0034,6.8897,0.0370,0.0100,0.0497,-3.0982,1.3837,-5.5285,0.1133,0.0105,6.8368,6.8895
53281,446,-3.0942,1.3825,-5.6606,0.1064,0.0030,6.6206,0.0347,0.0102,0.0488,-3.0929,1.3827,-5.5902,0.1072,0.0105,6.5381,6.6204
53282,1088,-3.0981,1.3840,-6.0367,0.1039,0.0038,6.3891,0.0368,0.0101,0.0495,-3.0979,1.3842,-6.1187,0.1043,0.0106,6.2295,6.3889
53290,120,-3.0739,1.3876,-5.3210,0.1252,0.0030,6.2467,0.0378,0.0107,0.0465,-3.0711,1.3878,-5.5800,0.1288,0.0113,6.3623,6.2465
53295,738,-3.0796,1.3976,-5.0107,0.1010,0.0032,5.9959,0.0343,0.0100,0.0503,-3.0796,1.3975,-5.0997,0.1013,0.0105,5.8317,5.9957
53296,95,-3.0563,1.4075,-5.9552,0.1145,0.0046,5.6887,0.0398,0.0106,0.0439,-3.0486,1.4077,-6.1600,0.1249,0.0114,5.7007,5.6885
53298,3895,-3.0827,1.4028,-5.4741,0.1008,0.0032,5.9210,0.0358,0.0099,0.0496,-3.0837,1.4028,-5.4727,0.1032,0.0104,5.8558,5.9208
53299,350,-3.0992,1.3977,-5.4071,0.0972,0.0031,5.8416,0.0369,0.0099,0.0527,-3.0999,1.3976,-5.2600,0.1022,0.0105,5.9343,5.8413
53306,410,-3.0419,1.3907,-2.1678,0.1455,0.0029,9.3610,0.0402,0.0103,0.0533,-3.0491,1.3908,-2.1763,0.1483,0.0105,9.3247,9.3609
53307,1073,-3.0419,1.3847,-2.8382,0.1258,0.0043,8.4986,0.0375,0.0100,0.0481,-3.0396,1.3847,-3.0217,0.1333,0.0106,8.5856,8.4984
53308,2648,-3.0368,1.3758,-5.7760,0.1041,0.0076,6.9739,0.0354,0.0100,0.0486,-3.0362,1.3758,-5.7982,0.1023,0.0105,6.7724,6.9738
53314,3538,-3.0096,1.3819,-5.9186,0.1041,0.0155,6.2083,0.0351,0.0100,0.0475,-3.0099,1.3819,-5.8129,0.1053,0.0105,6.2652,6.2081
53315,1183,-2.9993,1.3946,-5.7787,0.1068,0.0037,5.7411,0.0352,0.0100,0.0459,-2.9989,1.3947,-5.9288,0.1033,0.0105,5.7187,5.7409
53316,1696,-3.0064,1.3935,-5.6673,0.1067,0.0110,5.8769,0.0359,0.0100,0.0495,-3.0055,1.3935,-5.5975,0.1083,0.0105,5.9266,5.8767
53318,70,-2.9902,1.3709,-5.6711,0.0989,0.0036,4.7148,0.0363,0.0109,0.0483,-2.9862,1.3708,-6.1000,0.1062,0.0118,4.3076,4.7145
53332,145,-3.0580,1.3306,-8.5323,0.1170,0.0039,8.1555,0.0390,0.0104,0.0549,-3.0501,1.3310,-8.9500,0.1186,0.0111,8.1157,8.1553
53333,223,-3.0427,1.3335,-8.6589,0.1404,0.0038,9.0237,0.0370,0.0108,0.0450,-3.0401,1.3336,-9.0898,0.1436,0.0110,9.0128,9.0236
53334,337,-3.0330,1.3416,-8.0849,0.1333,0.0039,8.7106,0.0367,0.0102,0.0446,-3.0374,1.3416,-7.8151,0.1345,0.0108,9.1546,8.7105
53335,3466,-3.0326,1.3613,-8.7428,0.1219,0.0093,7.7714,0.0370,0.0102,0.0502,-3.0320,1.3613,-8.6826,0.1214,0.0107,7.7179,7.7713
53336,287,-3.0648,1.3727,-7.9511,0.1347,0.0031,7.3740,0.0387,0.0100,0.0521,-3.0655,1.3728,-8.1100,0.1404,0.0106,7.4325,7.3738
53337,843,-3.0520,1.3717,-8.4418,0.1360,0.0041,7.1048,0.0379,0.0100,0.0476,-3.0528,1.3718,-8.4678,0.1333,0.0106,6.5232,7.1047
53339,1173,-3.0515,1.3670,-8.5333,0.1283,0.0039,6.9495,0.0380,0.0100,0.0487,-3.0501,1.3668,-8.5823,0.1253,0.0105,6.9152,6.9493
53340,903,-3.0576,1.3686,-7.8070,0.1155,0.0042,6.7210,0.0377,0.0102,0.0492,-3.0583,1.3687,-7.7890,0.1153,0.0105,6.7304,6.7208
53348,636,-3.0380,1.3730,-5.9446,0.1324,0.0039,8.4767,0.0370,0.0102,0.0489,-3.0388,1.3729,-5.7878,0.1364,0.0107,8.4533,8.4766
53350,281,-3.0511,1.3729,-4.7658,0.1243,0.0034,8.3707,0.0383,0.0099,0.0458,-3.0572,1.3732,-4.8100,0.1283,0.0105,8.3545,8.3706
53356,143,-3.0407,1.3632,-6.7584,0.1181,0.0032,8.0596,0.0370,0.0105,0.0519,-3.0383,1.3632,-6.9000,0.1186,0.0112,7.7316,8.0595
53357,37,-3.0318,1.3761,-4.7570,0.1671,0.0061,7.5564,0.0394,0.0125,0.0483,-3.0254,1.3761,-4.6300,0.1618,0.0137,7.5773,7.5562
53358,166,-3.0718,1.3607,-6.0338,0.1246,0.0034,7.5360,0.0362,0.0104,0.0472,-3.0746,1.3609,-6.0300,0.1335,0.0110,7.8897,7.5358
53359,1001,-3.0621,1.3442,-5.0261,0.1167,0.0062,7.5474,0.0359,0.0100,0.0469,-3.0639,1.3440,-4.9558,0.1123,0.0105,7.7543,7.5472
53361,151,-3.0718,1.3413,-6.0259,0.1177,0.0032,7.6511,0.0360,0.0106,0.0608,-3.0691,1.3414,-5.9400,0.1136,0.0112,7.5137,7.6509
53362,1571,-3.0842,1.3233,-4.7562,0.1169,0.0141,7.1766,0.0366,0.0100,0.0490,-3.0857,1.3234,-4.6200,0.1203,0.0105,6.9906,7.1765
53363,950,-3.0888,1.2838,-3.8961,0.1004,0.0033,7.0734,0.0360,0.0099,0.0495,-3.0887,1.2837,-3.8995,0.0992,0.0104,7.2612,7.0732
53364,1830,-3.0831,1.3196,-3.9259,0.1043,0.0138,6.6451,0.0359,0.0100,0.0494,-3.0840,1.3197,-3.9320,0.1072,0.0105,6.6221,6.6449
53365,238,-3.0833,1.3408,-3.9858,0.1041,0.0030,6.9266,0.0332,0.0101,0.0458,-3.0797,1.3409,-3.8500,0.1013,0.0107,7.0617,6.9265
53374,85,-2.9909,1.3724,-1.7967,0.1738,0.0037,8.4699,0.0384,0.0114,0.0544,-3.0017,1.3722,-1.4000,0.1724,0.0121,8.8537,8.4697
53376,132,-3.0414,1.3722,-2.5925,0.1459,0.0032,9.8509,0.0350,0.0107,0.0433,-3.0508,1.3722,-2.2600,0.1538,0.0113,10.1186,9.8508
53377,142,-3.0052,1.3678,-1.5203,0.1514,0.0030,8.1965,0.0374,0.0106,0.0453,-2.9999,1.3678,-1.7200,0.1547,0.0112,8.4591,8.1964
53382,428,-3.0226,1.3755,-2.0893,0.1423,0.0087,8.5384,0.0386,0.0104,0.0485,-3.0231,1.3754,-1.8791,0.1585,0.0107,8.3227,8.5383
53383,2485,-2.9926,1.4259,-3.6655,0.1251,0.0106,7.3567,0.0374,0.0100,0.0500,-2.9945,1.4259,-3.7409,0.1193,0.0105,7.0226,7.3565
53384,270,-3.0487,1.4002,-4.8625,0.1193,0.0030,6.5267,0.0374,0.0100,0.0489,-3.0540,1.4003,-4.9100,0.1233,0.0106,6.2761,6.5265
53385,3104,-3.0581,1.3479,-4.7114,0.1051,0.0143,6.2374,0.0356,0.0100,0.0487,-3.0598,1.3479,-4.7116,0.1063,0.0105,6.3348,6.2372
53386,1192,-3.0820,1.3490,-6.0029,0.1079,0.0066,5.5555,0.0362,0.0099,0.0467,-3.0851,1.3491,-6.0077,0.1133,0.0105,5.6317,5.5554
53387,261,-3.0667,1.3663,-6.4504,0.1303,0.0031,5.2313,0.0369,0.0101,0.0467,-3.0703,1.3663,-6.3100,0.1324,0.0106,5.3152,5.2311
53395,3251,-3.0533,1.3609,-6.7828,0.1210,0.0097,7.4279,0.0366,0.0100,0.0487,-3.0517,1.3609,-6.8059,0.1153,0.0105,7.0805,7.4278
53398,2910,-3.0584,1.3454,-6.9312,0.1066,0.0093,6.8546,0.0356,0.0100,0.0480,-3.0580,1.3454,-7.0335,0.1083,0.0105,6.9440,6.8544
53401,37,-3.0780,1.3537,-5.2635,0.1093,0.0060,7.0949,0.0335,0.0125,0.0545,-3.0818,1.3540,-4.4300,0.1183,0.0136,7.5127,7.0947
53402,1131,-3.0663,1.3421,-6.5661,0.1148,0.0048,6.9698,0.0358,0.0101,0.0497,-3.0655,1.3422,-6.5960,0.1162,0.0105,7.1410,6.9696
53403,6153,-3.0871,1.3468,-6.5701,0.1101,0.0426,6.2234,0.0358,0.0100,0.0486,-3.0860,1.3468,-6.5349,0.1103,0.0105,6.1550,6.2232
53412,87,-3.0707,1.3301,-4.2867,0.1538,0.0037,8.6226,0.0398,0.0112,0.0430,-3.0640,1.3302,-4.2900,0.1493,0.0119,8.4330,8.6225
53413,1124,-3.0028,1.3319,-6.4579,0.1475,0.0044,8.2964,0.0386,0.0100,0.0475,-3.0000,1.3319,-6.6783,0.1423,0.0105,8.3848,8.2963
53417,1571,-2.9334,1.3556,-5.6591,0.1366,0.0095,8.0829,0.0373,0.0100,0.0506,-2.9310,1.3555,-5.6416,0.1373,0.0105,7.9897,8.0828
53418,95,-2.9224,1.3804,-6.5962,0.1185,0.0036,8.2706,0.0368,0.0112,0.0522,-2.9267,1.3804,-7.2800,0.1240,0.0118,8.7429,8.2704
53419,79,-2.9103,1.3772,-5.0857,0.1284,0.0033,8.4028,0.0351,0.0116,0.0506,-2.9045,1.3773,-5.8600,0.1161,0.0123,8.6259,8.4026
53421,41,-2.9318,1.3707,-4.5101,0.1214,0.0044,7.0363,0.0423,0.0132,0.0489,-2.9311,1.3708,-2.9300,0.1388,0.0142,5.4073,7.0361
53422,72,-2.9180,1.3870,-5.9598,0.1335,0.0041,7.1813,0.0363,0.0111,0.0476,-2.9219,1.3873,-5.9000,0.1152,0.0119,7.1832,7.1811
53423,160,-2.9136,1.3880,-5.7586,0.0968,0.0028,7.8166,0.0373,0.0104,0.0559,-2.9115,1.3881,-5.8200,0.1015,0.0110,7.8763,7.8164
53425,488,-2.9272,1.3997,-5.8728,0.1292,0.0035,7.2511,0.0369,0.0101,0.0480,-2.9224,1.3996,-5.7246,0.1303,0.0105,7.0130,7.2509
53426,331,-2.9071,1.4065,-5.8570,0.1228,0.0032,7.6746,0.0376,0.0099,0.0502,-2.9105,1.4067,-5.7800,0.1243,0.0105,7.8621,7.6744
53427,277,-2.9199,1.4043,-5.8191,0.1108,0.0029,6.8643,0.0357,0.0101,0.0470,-2.9242,1.4043,-5.7300,0.1113,0.0106,7.1179,6.8642
53428,731,-2.9292,1.4071,-5.5481,0.1225,0.0030,7.0293,0.0351,0.0099,0.0452,-2.9318,1.4070,-5.5803,0.1232,0.0104,7.2097,7.0292
53429,3023,-2.9541,1.3754,-5.4917,0.1109,0.0131,6.7184,0.0357,0.0100,0.0488,-2.9548,1.3753,-5.5402,0.1103,0.0105,6.6519,6.7182
53431,1461,-2.9595,1.3470,-5.3656,0.1006,0.0046,6.4924,0.0353,0.0099,0.0479,-2.9581,1.3471,-5.3717,0.0992,0.0104,6.2609,6.4923
53432,1095,-2.9544,1.3457,-6.0948,0.0978,0.0040,5.8513,0.0342,0.0100,0.0459,-2.9538,1.3455,-6.1251,0.0982,0.0105,5.6966,5.8512
53434,65,-3.0660,1.3698,-6.8971,0.1225,0.0036,8.8656,0.0378,0.0115,0.0471,-3.0516,1.3699,-6.0400,0.1084,0.0123,8.7245,8.8655
53435,746,-3.0589,1.3610,-6.7884,0.1349,0.0071,7.6573,0.0370,0.0102,0.0513,-3.0591,1.3610,-6.6891,0.1353,0.0106,7.5892,7.6571
53436,428,-3.0730,1.3546,-6.6474,0.1263,0.0053,7.5464,0.0373,0.0102,0.0489,-3.0712,1.3546,-6.5146,0.1303,0.0105,7.7535,7.5463
53437,1866,-3.0665,1.3494,-6.0801,0.1196,0.0051,7.4569,0.0364,0.0100,0.0474,-3.0659,1.3493,-5.9170,0.1223,0.0105,7.6854,7.4567
53438,50,-3.0703,1.3454,-6.6740,0.0924,0.0043,7.8597,0.0360,0.0118,0.0497,-3.0649,1.3445,-6.7900,0.0955,0.0128,8.2226,7.8596
53439,205,-3.0490,1.3409,-5.3913,0.1214,0.0036,7.0631,0.0367,0.0100,0.0437,-3.0461,1.3409,-5.3300,0.1275,0.0107,7.1275,7.0630
53440,620,-3.0540,1.3409,-5.9958,0.1179,0.0043,7.2007,0.0385,0.0100,0.0511,-3.0537,1.3410,-5.9467,0.1272,0.0104,7.0394,7.2005
53441,71,-3.0368,1.3367,-5.2185,0.1225,0.0042,7.6101,0.0375,0.0112,0.0494,-3.0286,1.3366,-4.5800,0.1252,0.0120,7.8755,7.6099
53442,386,-3.0693,1.3293,-5.8200,0.1268,0.0031,7.6324,0.0372,0.0103,0.0476,-3.0624,1.3295,-6.0355,0.1293,0.0105,7.4935,7.6323
53448,237,-3.0602,1.3241,-5.5612,0.1073,0.0029,6.7618,0.0367,0.0102,0.0535,-3.0640,1.3239,-5.4100,0.1084,0.0107,6.8692,6.7616
53449,1059,-3.0482,1.3247,-5.7132,0.1053,0.0033,6.6278,0.0362,0.0099,0.0481,-3.0503,1.3247,-5.6223,0.1082,0.0104,6.5620,6.6276
53452,2235,-3.0390,1.3296,-5.8571,0.1065,0.0067,6.5619,0.0356,0.0099,0.0480,-3.0366,1.3297,-5.9444,0.1042,0.0104,6.5984,6.5618
53454,41,-3.0495,1.3192,-4.3907,0.1211,0.0057,5.8470,0.0332,0.0123,0.0457,-3.0420,1.3178,-3.4700,0.1111,0.0133,5.4194,5.8468
53455,768,-3.0401,1.3523,-5.7415,0.1077,0.0051,6.5364,0.0362,0.0101,0.0493,-3.0404,1.3522,-5.6510,0.1132,0.0105,6.3977,6.5363
53456,125,-3.0489,1.3570,-5.8370,0.0962,0.0034,6.0626,0.0360,0.0106,0.0531,-3.0448,1.3568,-5.8700,0.0906,0.0113,6.2757,6.0624
53457,357,-3.0272,1.3614,-5.4638,0.1139,0.0032,6.0495,0.0378,0.0099,0.0493,-3.0331,1.3613,-5.7000,0.1162,0.0105,6.1495,6.0493
53458,598,-3.0199,1.3677,-5.5231,0.0973,0.0035,6.5847,0.0353,0.0100,0.0492,-3.0188,1.3673,-5.5121,0.1052,0.0104,6.2853,6.5845
53459,839,-3.0233,1.3750,-5.4524,0.1022,0.0030,6.3897,0.0367,0.0100,0.0523,-3.0239,1.3750,-5.3999,0.1056,0.0105,6.5105,6.3895
53460,90,-3.0328,1.3756,-5.2773,0.1023,0.0035,5.6480,0.0334,0.0109,0.0448,-3.0377,1.3754,-5.4800,0.0959,0.0117,5.4505,5.6478
53461,382,-3.0179,1.3814,-5.8943,0.1011,0.0034,5.8448,0.0371,0.0102,0.0511,-3.0174,1.3813,-5.7384,0.1022,0.0105,5.7936,5.8446
53463,575,-3.0300,1.3783,-5.5503,0.1074,0.0037,5.7668,0.0375,0.0100,0.0506,-3.0259,1.3784,-5.5439,0.1103,0.0104,5.5378,5.7666
53464,36,-3.0127,1.3716,-6.4740,0.1080,0.0046,6.4022,0.0352,0.0126,0.0446,-3.0045,1.3703,-7.8100,0.1142,0.0137,5.4473,6.4020
53465,160,-3.0203,1.3737,-6.2298,0.0854,0.0033,5.9611,0.0344,0.0103,0.0485,-3.0252,1.3735,-6.3100,0.0844,0.0109,5.7469,5.9609
53472,546,-3.0170,1.3736,-6.8760,0.1431,0.0029,8.2764,0.0376,0.0101,0.0487,-3.0245,1.3737,-6.9188,0.1543,0.0106,8.2941,8.2762
53473,286,-3.0126,1.3753,-5.7307,0.1180,0.0032,7.8450,0.0377,0.0100,0.0493,-3.0100,1.3754,-5.9600,0.1203,0.0106,8.0096,7.8448
53474,465,-2.9962,1.3696,-7.0218,0.1408,0.0035,7.7731,0.0362,0.0102,0.0475,-2.9953,1.3697,-6.7301,0.1323,0.0104,7.4888,7.7730
53475,924,-3.0191,1.3633,-6.9488,0.1115,0.0033,7.4405,0.0365,0.0100,0.0493,-3.0180,1.3633,-6.8565,0.1173,0.0106,7.1609,7.4404
53476,597,-3.0163,1.3597,-6.8751,0.1182,0.0031,7.3495,0.0365,0.0101,0.0520,-3.0221,1.3596,-6.8753,0.1233,0.0105,7.3368,7.3493
53477,392,-3.0152,1.3524,-7.1543,0.1079,0.0036,7.3714,0.0335,0.0102,0.0457,-3.0171,1.3519,-7.0169,0.1082,0.0105,7.1499,7.3713
53478,3387,-3.0130,1.3452,-6.8432,0.1071,0.0052,6.8403,0.0357,0.0099,0.0481,-3.0122,1.3452,-6.7251,0.1082,0.0105,6.7822,6.8401
53479,1414,-3.0150,1.3440,-6.3967,0.1119,0.0075,6.3546,0.0360,0.0100,0.0487,-3.0137,1.3440,-6.4131,0.1093,0.0105,6.4069,6.3544
53484,690,-3.0183,1.3503,-6.8456,0.1103,0.0040,6.0039,0.0362,0.0101,0.0472,-3.0194,1.3502,-6.6555,0.1123,0.0105,5.9220,6.0037
53485,931,-3.0358,1.3471,-6.5584,0.1118,0.0046,5.9552,0.0364,0.0100,0.0507,-3.0367,1.3472,-6.3650,0.1113,0.0105,5.7546,5.9549
53488,2452,-3.0323,1.3285,-6.7047,0.1105,0.0049,5.7726,0.0369,0.0100,0.0497,-3.0306,1.3284,-6.6956,0.1143,0.0105,5.7465,5.7724
53494,326,-3.0079,1.3080,-6.6756,0.1140,0.0206,5.2587,0.0364,0.0103,0.0504,-2.9969,1.3078,-6.7202,0.1133,0.0105,5.0621,5.2585
53495,159,-3.0024,1.3211,-6.1646,0.1073,0.0037,5.7023,0.0357,0.0104,0.0478,-3.0036,1.3211,-6.1700,0.1136,0.0110,5.8352,5.7021
53529,1329,-3.0720,1.3752,-6.8069,0.1177,0.0042,7.7703,0.0375,0.0099,0.0497,-3.0717,1.3753,-6.8754,0.1193,0.0105,8.1104,7.7702
53530,678,-3.0594,1.3731,-7.0045,0.1143,0.0034,7.3716,0.0369,0.0099,0.0473,-3.0584,1.3729,-6.8902,0.1193,0.0105,7.4295,7.3715
53532,44,-3.0723,1.3681,-6.5277,0.1197,0.0046,7.7009,0.0375,0.0127,0.0506,-3.0672,1.3675,-6.0300,0.1222,0.0136,8.3729,7.7007
53533,259,-3.0333,1.3808,-6.4533,0.1162,0.0031,7.1095,0.0363,0.0102,0.0441,-3.0309,1.3809,-6.5200,0.1183,0.0107,7.0633,7.1094
53544,227,-2.7054,1.3606,-4.1750,0.1039,0.0033,5.9250,0.0348,0.0102,0.0475,-2.7104,1.3605,-3.9700,0.1004,0.0107,5.9266,5.9248
53546,1326,-3.0627,1.3765,-6.7471,0.1327,0.0049,8.2071,0.0379,0.0101,0.0482,-3.0654,1.3766,-6.6189,0.1344,0.0106,8.1925,8.2069
53547,5163,-3.0459,1.3784,-6.6388,0.1209,0.0046,7.2128,0.0369,0.0100,0.0483,-3.0457,1.3784,-6.6316,0.1153,0.0105,7.1425,7.2126
53548,321,-3.0567,1.3680,-6.1051,0.1080,0.0029,5.8634,0.0347,0.0100,0.0444,-3.0551,1.3679,-5.9500,0.1113,0.0105,5.9289,5.8632
53555,1207,-3.0401,1.3583,-6.1062,0.1097,0.0062,6.0754,0.0354,0.0100,0.0466,-3.0405,1.3583,-6.0517,0.1163,0.0105,6.1508,6.0753
53561,1622,-3.0296,1.3437,-6.2487,0.1063,0.0059,6.0998,0.0361,0.0101,0.0496,-3.0283,1.3437,-6.2878,0.1072,0.0105,6.0552,6.0996
53562,1189,-3.0348,1.3313,-6.0394,0.1086,0.0057,5.7662,0.0360,0.0100,0.0465,-3.0345,1.3315,-6.0364,0.1082,0.0105,5.4892,5.7660
53575,468,-3.0339,1.4310,-7.0008,0.1296,0.0043,7.3324,0.0383,0.0102,0.0549,-3.0355,1.4310,-7.0804,0.1233,0.0105,7.4256,7.3321
53577,35,-3.0119,1.4330,-7.4080,0.0817,0.0055,8.8336,0.0375,0.0135,0.0569,-3.0161,1.4337,-8.7400,0.0802,0.0146,8.6585,8.8334
53578,2282,-2.9736,1.4197,-7.3464,0.1335,0.0051,7.1444,0.0374,0.0100,0.0493,-2.9770,1.4196,-7.3179,0.1273,0.0105,7.4153,7.1442
53579,292,-2.9216,1.4207,-8.0487,0.1105,0.0031,6.7513,0.0381,0.0100,0.0478,-2.9251,1.4208,-8.0900,0.1123,0.0105,6.6100,6.7511
53580,1560,-2.9029,1.4215,-7.2190,0.1180,0.0045,6.6696,0.0369,0.0100,0.0494,-2.9028,1.4216,-7.1916,0.1154,0.0106,6.8655,6.6695
53581,497,-2.9103,1.4048,-9.1731,0.1062,0.0032,6.6560,0.0352,0.0102,0.0504,-2.9072,1.4049,-9.0646,0.1063,0.0106,6.8960,6.6558
53596,388,-3.0330,1.3875,-6.0528,0.1366,0.0037,8.7113,0.0381,0.0101,0.0489,-3.0352,1.3876,-5.7343,0.1353,0.0105,8.6000,8.7112
53598,251,-3.0329,1.3881,-6.7516,0.1390,0.0034,7.3188,0.0362,0.0101,0.0438,-3.0339,1.3881,-6.3100,0.1324,0.0107,7.2846,7.3186
53600,229,-3.0229,1.3830,-6.0801,0.1313,0.0032,8.7231,0.0388,0.0101,0.0483,-3.0100,1.3828,-6.0200,0.1294,0.0107,8.1075,8.7230
53607,1428,-3.0383,1.3799,-5.9638,0.1272,0.0039,7.7681,0.0367,0.0099,0.0486,-3.0388,1.3797,-5.8951,0.1283,0.0104,7.9643,7.7680
53610,514,-3.0388,1.3794,-6.3264,0.1291,0.0031,7.8330,0.0397,0.0101,0.0519,-3.0348,1.3795,-6.5079,0.1383,0.0105,7.8697,7.8328
53618,975,-3.0116,1.3769,-6.3021,0.1253,0.0056,7.3975,0.0378,0.0100,0.0495,-3.0102,1.3770,-6.3075,0.1233,0.0105,7.5438,7.3973
53619,715,-3.0099,1.3766,-6.3338,0.1210,0.0036,7.7526,0.0378,0.0099,0.0498,-3.0093,1.3767,-6.3010,0.1233,0.0105,7.8868,7.7525
53620,4719,-3.0143,1.3626,-6.6181,0.1323,0.0189,7.6024,0.0377,0.0100,0.0496,-3.0148,1.3626,-6.5960,0.1333,0.0105,7.7645,7.6023
53622,69,-3.0140,1.3324,-6.9549,0.1144,0.0040,6.2781,0.0392,0.0110,0.0503,-3.0128,1.3323,-7.0900,0.1223,0.0119,6.1033,6.2779
53628,306,-3.0130,1.3178,-6.8913,0.1230,0.0035,6.3480,0.0365,0.0099,0.0469,-3.0109,1.3177,-7.2900,0.1243,0.0105,6.3260,6.3479
53629,739,-2.9997,1.3372,-7.4323,0.1187,0.0083,6.3544,0.0375,0.0101,0.0505,-3.0020,1.3373,-7.3974,0.1223,0.0105,6.5327,6.3542
53634,1000,-3.0089,1.4321,-5.6048,0.1230,0.0031,7.7307,0.0375,0.0101,0.0484,-3.0086,1.4320,-5.3262,0.1184,0.0106,7.8151,7.7306
53638,877,-3.0042,1.4251,-5.5030,0.1218,0.0031,7.5002,0.0374,0.0100,0.0493,-3.0061,1.4250,-5.3546,0.1233,0.0105,7.5107,7.5001
54575,298,-2.9588,1.1824,-7.2680,0.1793,0.0116,7.9027,0.0401,0.0112,0.0494,-2.9790,1.1828,-6.9464,0.1876,0.0117,7.6051,7.9025
54576,23,-2.9275,1.1737,-4.9514,0.1747,0.0061,6.3249,0.0438,0.0146,0.0535,-2.9202,1.1726,-4.9100,0.1921,0.0160,6.9993,6.3246
54577,253,-2.9206,1.1807,-8.0233,0.1626,0.0093,7.4399,0.0417,0.0109,0.0531,-2.9234,1.1810,-8.0513,0.1539,0.0113,7.4260,7.4397
54579,138,-3.0185,1.1895,-7.7502,0.1577,0.0045,7.2154,0.0381,0.0116,0.0453,-3.0117,1.1900,-7.4368,0.1581,0.0116,7.5019,7.2153
54581,220,-3.0236,1.1920,-6.1481,0.1792,0.0044,8.4571,0.0385,0.0106,0.0468,-3.0146,1.1923,-6.6615,0.1870,0.0112,8.8081,8.4570
54582,242,-3.0518,1.1854,-5.0934,0.1623,0.0081,7.7201,0.0403,0.0109,0.0539,-3.0567,1.1856,-4.9691,0.1629,0.0114,7.6618,7.7199
54587,29,-3.1013,1.1697,-6.0877,0.1835,0.0041,6.3996,0.0487,0.0135,0.0497,-3.0996,1.1717,-5.4500,0.2007,0.0149,6.5642,6.3995
54590,39,-3.0496,1.1632,-6.5162,0.1279,0.0046,7.9686,0.0416,0.0118,0.0576,-3.0603,1.1619,-6.4900,0.1167,0.0129,8.3511,7.9684
54591,14,-3.0796,1.1696,-2.9036,0.1369,0.0070,8.3736,0.0413,0.0163,0.0514,-3.0673,1.1678,-1.4200,0.1692,0.0184,9.3053,8.3734
54594,57,-3.0525,1.1765,-5.7944,0.0885,0.0034,6.2837,0.0371,0.0118,0.0475,-3.0437,1.1765,-5.7100,0.1004,0.0125,6.5493,6.2836
54595,53,-3.0441,1.1757,-3.6279,0.0998,0.0047,7.9878,0.0344,0.0120,0.0417,-3.0422,1.1760,-3.6000,0.1016,0.0129,8.3740,7.9877
54596,79,-3.0387,1.1785,-4.2228,0.0796,0.0039,5.4829,0.0349,0.0114,0.0506,-3.0371,1.1788,-4.3300,0.0890,0.0121,5.6421,5.4827
54597,47,-3.0696,1.1698,-5.0102,0.0849,0.0052,5.9257,0.0398,0.0124,0.0646,-3.0721,1.1707,-5.2300,0.0981,0.0134,6.5875,5.9254
54599,394,-3.0379,1.1777,-4.3245,0.0856,0.0047,5.9881,0.0345,0.0103,0.0500,-3.0389,1.1780,-4.4942,0.0854,0.0109,6.2012,5.9879
54621,39,-3.0186,1.2156,-8.7214,0.1164,0.0034,7.1052,0.0391,0.0129,0.0478,-3.0079,1.2167,-8.3600,0.1168,0.0138,7.4005,7.1051
54622,28,-2.9561,1.2119,-8.3368,0.1466,0.0073,9.5145,0.0369,0.0146,0.0474,-2.9709,1.2109,-9.1700,0.1609,0.0158,10.2454,9.5144
54623,245,-2.9773,1.2138,-4.9205,0.1375,0.0030,9.0840,0.0381,0.0101,0.0480,-2.9840,1.2137,-4.9500,0.1344,0.0107,9.1308,9.0839
54624,140,-2.9889,1.2113,-7.2405,0.1198,0.0031,8.6995,0.0408,0.0104,0.0635,-2.9963,1.2114,-7.9400,0.1107,0.0110,8.2887,8.6992
54625,19,-2.9912,1.1901,-7.5610,0.1187,0.0060,8.2121,0.0396,0.0140,0.0514,-2.9933,1.1902,-7.5800,0.1379,0.0156,8.8666,8.2119
54631,24,-2.9925,1.1777,-8.3909,0.0912,0.0051,8.3695,0.0336,0.0168,0.0512,-2.9832,1.1783,-10.2300,0.1066,0.0181,7.9011,8.3693
54639,82,-3.0248,1.1878,-8.1323,0.0983,0.0035,8.5027,0.0385,0.0108,0.0485,-3.0209,1.1874,-7.6500,0.0990,0.0116,8.5173,8.5025
54643,32,-3.0229,1.1884,-5.7888,0.0895,0.0056,8.5946,0.0368,0.0115,0.0415,-3.0254,1.1880,-6.2400,0.0952,0.0129,8.8192,8.5945
54646,38,-3.0245,1.1789,-6.0214,0.1036,0.0066,8.3077,0.0359,0.0125,0.0437,-3.0265,1.1782,-7.0100,0.0952,0.0138,8.6872,8.3076
54647,26,-2.9726,1.1981,-7.3063,0.0984,0.0033,8.5727,0.0305,0.0137,0.0428,-2.9805,1.1989,-6.1300,0.1076,0.0149,8.1458,8.5726
54667,358,-2.9824,1.1797,-7.7875,0.2018,0.0035,8.9262,0.0414,0.0105,0.0494,-2.9889,1.1796,-7.8967,0.2047,0.0110,8.4967,8.9260
54668,131,-3.0107,1.1740,-7.0098,0.1686,0.0034,7.0815,0.0388,0.0106,0.0517,-3.0127,1.1739,-7.3600,0.1749,0.0112,6.7255,7.0813
54669,46,-2.9945,1.1643,-6.3245,0.1652,0.0048,6.9291,0.0364,0.0133,0.0466,-2.9743,1.1648,-6.4700,0.1572,0.0141,7.5196,6.9290
54710,73,-3.0268,1.2136,-5.7439,0.1009,0.0042,8.4692,0.0413,0.0109,0.0478,-3.0289,1.2141,-6.2200,0.1042,0.0117,8.5326,8.4690
54711,655,-3.0045,1.2154,-6.6859,0.1128,0.0040,7.6378,0.0383,0.0102,0.0504,-3.0065,1.2154,-6.7451,0.1164,0.0108,7.6622,7.6376
54714,72,-3.0053,1.2146,-5.8851,0.1221,0.0039,7.7527,0.0422,0.0110,0.0450,-2.9987,1.2142,-6.3000,0.1353,0.0119,7.9720,7.7525
54723,173,-3.0712,1.1890,-6.1573,0.1097,0.0031,7.0720,0.0368,0.0104,0.0519,-3.0734,1.1893,-6.1000,0.1135,0.0110,7.1071,7.0718
54724,1522,-3.0535,1.1662,-6.1400,0.1052,0.0180,6.6817,0.0362,0.0102,0.0495,-3.0546,1.1662,-6.1558,0.1033,0.0107,6.7333,6.6815
54725,891,-3.0262,1.0957,-5.7580,0.0942,0.0371,6.0016,0.0340,0.0103,0.0475,-3.0297,1.0958,-5.7965,0.0984,0.0108,5.6681,6.0014
54733,148,-2.9893,1.1635,-8.7099,0.1754,0.0036,9.2959,0.0386,0.0106,0.0526,-2.9939,1.1634,-8.3600,0.1768,0.0112,9.3337,9.2957
54734,41,-2.9783,1.1749,-8.2970,0.1605,0.0043,7.4343,0.0418,0.0126,0.0440,-2.9905,1.1756,-8.6500,0.1645,0.0135,7.4720,7.4341
54735,21,-3.0461,1.1917,-6.8658,0.2247,0.0074,8.6579,0.0434,0.0158,0.0544,-3.0298,1.1924,-9.5300,0.2203,0.0174,9.5399,8.6578
54736,28,-2.9742,1.1616,-9.2747,0.1918,0.0069,9.2767,0.0470,0.0137,0.0508,-2.9731,1.1617,-9.2900,0.1934,0.0149,9.9853,9.2766
54738,378,-2.9947,1.1689,-9.0618,0.1580,0.0039,8.2616,0.0399,0.0108,0.0475,-2.9912,1.1687,-8.9577,0.1426,0.0109,8.4065,8.2615
54739,579,-2.9602,1.1894,-8.3722,0.1637,0.0241,8.6235,0.0386,0.0108,0.0494,-2.9595,1.1898,-8.5361,0.1591,0.0114,9.1076,8.6233
54740,61,-2.8522,1.2871,-8.6845,0.1376,0.0041,8.1705,0.0358,0.0118,0.0485,-2.8505,1.2872,-8.3000,0.1426,0.0126,8.6720,8.1704
54741,83,-2.9181,1.3098,-9.2757,0.1157,0.0039,7.3367,0.0390,0.0111,0.0567,-2.9218,1.3100,-8.8100,0.1202,0.0119,7.1340,7.3364
54743,188,-2.9618,1.2992,-8.9340,0.1317,0.0042,7.7788,0.0369,0.0104,0.0425,-2.9696,1.2990,-9.1800,0.1315,0.0110,8.0682,7.7787
54744,55,-2.9464,1.2194,-9.6556,0.1262,0.0043,6.7497,0.0330,0.0114,0.0421,-2.9462,1.2196,-9.9600,0.1245,0.0123,6.9914,6.7495
54765,107,-2.9162,1.1800,-3.1010,0.1768,0.0038,7.8410,0.0431,0.0110,0.0490,-2.9137,1.1804,-3.2800,0.1792,0.0117,7.9813,7.8408
54771,1353,-3.0035,1.1359,-7.1421,0.1403,0.0146,8.4455,0.0389,0.0101,0.0505,-3.0005,1.1361,-7.1580,0.1353,0.0105,8.3586,8.4453
54773,662,-2.9693,1.1749,-7.1842,0.1326,0.0174,7.8221,0.0376,0.0100,0.0480,-2.9685,1.1749,-6.9638,0.1263,0.0105,7.6958,7.8219
54774,107,-2.8993,1.2431,-5.6866,0.1221,0.0039,7.9215,0.0357,0.0107,0.0487,-2.8976,1.2433,-5.7300,0.1108,0.0114,7.7554,7.9214
54776,120,-2.9845,1.2267,-6.5613,0.1367,0.0037,7.2352,0.0428,0.0107,0.0564,-2.9911,1.2265,-6.1100,0.1339,0.0113,6.9334,7.2350
54777,856,-3.0284,1.1545,-7.4010,0.1220,0.0164,7.3677,0.0373,0.0100,0.0505,-3.0281,1.1545,-7.3340,0.1174,0.0105,7.1967,7.3675
54778,88,-2.9994,1.1528,-7.7701,0.1020,0.0028,6.1585,0.0383,0.0110,0.0465,-3.0023,1.1532,-7.4000,0.0960,0.0118,6.5059,6.1583
54779,704,-3.0010,1.1629,-7.2750,0.1074,0.0074,6.7392,0.0375,0.0102,0.0481,-3.0036,1.1629,-7.2985,0.1183,0.0106,6.7812,6.7390
54781,743,-3.0016,1.2068,-6.7514,0.1103,0.0127,6.3173,0.0371,0.0102,0.0476,-3.0035,1.2068,-6.4730,0.1173,0.0106,6.1414,6.3171
54784,32,-3.0083,1.1433,-6.6310,0.0727,0.0064,5.5736,0.0326,0.0133,0.0621,-3.0009,1.1420,-6.7500,0.0769,0.0144,6.0994,5.5733
54785,34,-3.0436,1.1412,-5.9695,0.1009,0.0052,5.8386,0.0315,0.0131,0.0470,-3.0635,1.1407,-6.2000,0.1007,0.0143,6.5798,5.8384
54809,305,-2.9362,1.1981,-4.3975,0.1397,0.0205,7.8240,0.0360,0.0105,0.0472,-2.9338,1.1981,-4.5192,0.1436,0.0110,7.3213,7.8238
54810,224,-2.9936,1.2397,-4.4141,0.1220,0.0032,7.1504,0.0359,0.0101,0.0481,-3.0005,1.2398,-4.8000,0.1254,0.0107,7.2075,7.1502
54811,540,-2.9699,1.2562,-4.6826,0.1020,0.0061,7.2950,0.0373,0.0100,0.0489,-2.9720,1.2564,-4.7116,0.0993,0.0105,7.0308,7.2948
54815,852,-3.0014,1.2531,-4.6171,0.1026,0.0119,6.7225,0.0360,0.0102,0.0489,-2.9996,1.2531,-4.7596,0.0993,0.0106,6.7188,6.7224
54821,95,-2.8481,1.3454,-6.1487,0.1457,0.0035,8.2276,0.0362,0.0112,0.0482,-2.8694,1.3459,-5.3600,0.1493,0.0119,8.4754,8.2275
54822,667,-2.8960,1.3259,-6.9064,0.1464,0.0060,9.0031,0.0409,0.0100,0.0524,-2.8946,1.3260,-6.9446,0.1543,0.0105,9.3432,9.0030
54823,401,-2.8823,1.3162,-6.4189,0.1397,0.0046,8.0674,0.0381,0.0101,0.0515,-2.8872,1.3162,-5.9554,0.1363,0.0104,7.9088,8.0673
54828,547,-2.8338,1.3343,-5.9345,0.1229,0.0077,7.7142,0.0369,0.0100,0.0488,-2.8362,1.3344,-5.7603,0.1203,0.0105,7.9060,7.7140
54831,89,-2.7656,1.3472,-6.5884,0.1160,0.0036,7.7948,0.0349,0.0109,0.0441,-2.7586,1.3473,-6.6100,0.1159,0.0116,7.0796,7.7947
54832,1070,-2.8639,1.3423,-6.2797,0.1226,0.0055,6.9286,0.0368,0.0100,0.0474,-2.8651,1.3425,-6.4092,0.1163,0.0105,6.6806,6.9284
54833,271,-2.9294,1.3395,-6.2656,0.1123,0.0030,6.8673,0.0381,0.0102,0.0523,-2.9302,1.3395,-5.9800,0.1174,0.0107,6.9613,6.8671
54834,444,-2.9294,1.3140,-7.0189,0.1023,0.0056,6.8635,0.0357,0.0101,0.0474,-2.9275,1.3141,-6.8523,0.1053,0.0105,7.1489,6.8634
54835,385,-2.8725,1.3079,-6.5886,0.1111,0.0057,6.4753,0.0377,0.0102,0.0484,-2.8724,1.3077,-6.5411,0.1053,0.0106,6.3233,6.4752
54836,261,-2.8485,1.3059,-6.9268,0.1017,0.0042,6.3213,0.0365,0.0103,0.0476,-2.8456,1.3060,-6.8845,0.1043,0.0106,6.4796,6.3211
54838,60,-2.8686,1.2967,-7.0615,0.0968,0.0041,7.6381,0.0332,0.0122,0.0519,-2.8725,1.2964,-7.1600,0.1043,0.0129,7.9798,7.6379
54839,532,-2.8808,1.3073,-6.2594,0.1137,0.0062,6.6024,0.0374,0.0104,0.0501,-2.8788,1.3074,-6.2246,0.1084,0.0109,6.8580,6.6022
54840,49,-2.9226,1.3223,-7.3248,0.0904,0.0034,6.0252,0.0314,0.0118,0.0484,-2.9274,1.3224,-7.2600,0.0874,0.0127,5.8372,6.0250
54841,237,-2.8643,1.3288,-7.1500,0.1311,0.0043,7.1411,0.0399,0.0110,0.0447,-2.8734,1.3287,-7.3556,0.1355,0.0108,6.8311,7.1410
54942,339,-2.9984,1.3316,-7.8158,0.1736,0.0034,8.2120,0.0404,0.0100,0.0497,-2.9980,1.3312,-7.8500,0.1704,0.0105,8.3240,8.2119
54943,305,-3.0242,1.3374,-7.8194,0.1309,0.0031,8.7004,0.0374,0.0099,0.0556,-3.0271,1.3375,-7.3500,0.1323,0.0105,8.6279,8.7003
54945,32,-2.9828,1.3521,-8.5610,0.1336,0.0065,7.0135,0.0395,0.0128,0.0401,-2.9757,1.3518,-9.1500,0.1055,0.0142,8.4210,7.0134
54946,284,-3.0170,1.3537,-6.3722,0.1270,0.0033,8.0704,0.0385,0.0100,0.0498,-3.0155,1.3538,-6.2300,0.1323,0.0106,8.1473,8.0703
54948,267,-3.0170,1.3386,-7.8344,0.1199,0.0031,7.4721,0.0347,0.0101,0.0482,-3.0095,1.3384,-7.9000,0.1223,0.0106,7.3783,7.4720
54949,31,-2.9994,1.3330,-6.8151,0.1157,0.0042,7.4857,0.0404,0.0127,0.0426,-3.0076,1.3328,-6.4300,0.1206,0.0140,7.3754,7.4856
54950,240,-3.0064,1.3074,-6.8534,0.1128,0.0036,7.4093,0.0365,0.0101,0.0507,-3.0044,1.3074,-7.1500,0.1154,0.0107,7.4219,7.4091
54952,264,-2.9983,1.2935,-7.3163,0.1128,0.0031,7.9900,0.0353,0.0101,0.0495,-3.0051,1.2938,-7.4500,0.1123,0.0106,7.8795,7.9899
54954,112,-2.9780,1.2981,-7.2961,0.1233,0.0037,7.8709,0.0399,0.0109,0.0472,-2.9869,1.2974,-7.3700,0.1249,0.0115,7.9296,7.8708
54957,427,-2.9843,1.3377,-7.1570,0.1119,0.0032,8.0645,0.0358,0.0102,0.0480,-2.9802,1.3373,-7.0927,0.1163,0.0106,7.7463,8.0644
54958,206,-2.9956,1.3286,-7.1356,0.1258,0.0032,7.1279,0.0397,0.0104,0.0550,-2.9812,1.3284,-7.6900,0.1215,0.0109,7.1278,7.1277
54961,151,-3.0350,1.2786,-7.4714,0.1201,0.0032,6.9075,0.0315,0.0105,0.0474,-3.0347,1.2784,-7.9400,0.1206,0.0111,6.6472,6.9074
54962,1823,-2.9922,1.2819,-8.3283,0.1143,0.0377,7.5263,0.0369,0.0100,0.0512,-2.9922,1.2820,-8.3885,0.1093,0.0105,7.4855,7.5261
54963,26,-3.0132,1.3341,-9.5783,0.1341,0.0035,5.4191,0.0417,0.0149,0.0470,-3.0077,1.3349,-8.7800,0.1166,0.0162,5.8161,5.4189
54989,398,-2.9788,1.4400,-10.3541,0.1325,0.0038,8.7509,0.0377,0.0099,0.0474,-2.9802,1.4402,-10.3700,0.1393,0.0104,8.7372,8.7508
54990,118,-2.9953,1.3901,-9.7823,0.1366,0.0031,8.2788,0.0427,0.0108,0.0513,-3.0052,1.3902,-10.2400,0.1349,0.0114,8.3066,8.2787
54992,146,-3.0268,1.3468,-9.6783,0.1568,0.0033,9.2549,0.0412,0.0104,0.0521,-3.0216,1.3469,-9.5600,0.1528,0.0110,9.3437,9.2548
54993,279,-2.9971,1.3451,-9.7129,0.1450,0.0028,8.5497,0.0395,0.0101,0.0535,-3.0011,1.3453,-9.4900,0.1464,0.0106,8.3967,8.5495
54994,238,-3.0064,1.3190,-10.0565,0.1254,0.0030,8.2657,0.0352,0.0101,0.0447,-3.0082,1.3189,-9.5400,0.1204,0.0107,7.9328,8.2656
54995,119,-2.9701,1.3127,-11.4549,0.1425,0.0030,7.7390,0.0393,0.0109,0.0483,-2.9733,1.3130,-11.2300,0.1399,0.0115,7.5175,7.7389
54996,35,-2.9755,1.3219,-7.2979,0.1123,0.0050,6.9398,0.0417,0.0121,0.0498,-2.9727,1.3217,-7.3600,0.1197,0.0134,6.6191,6.9396
54997,476,-2.9684,1.3089,-9.5961,0.1168,0.0037,8.8580,0.0381,0.0099,0.0473,-2.9679,1.3089,-9.9986,0.1162,0.0104,8.6553,8.8579
55001,144,-2.9635,1.3025,-9.3771,0.1213,0.0033,9.4083,0.0373,0.0106,0.0479,-2.9614,1.3024,-9.7600,0.1307,0.0111,9.3952,9.4081
55002,62,-2.9251,1.3071,-7.0242,0.0955,0.0038,7.7570,0.0336,0.0115,0.0445,-2.9278,1.3074,-6.9500,0.0962,0.0123,8.2363,7.7569
55004,840,-2.9482,1.3217,-6.3254,0.1289,0.0076,8.5050,0.0373,0.0101,0.0499,-2.9501,1.3218,-6.5089,0.1333,0.0105,8.4912,8.5048
55009,794,-2.9395,1.3514,-7.7285,0.1337,0.0110,8.4495,0.0380,0.0101,0.0494,-2.9407,1.3514,-7.7156,0.1353,0.0105,8.2929,8.4494
55010,61,-2.8943,1.3804,-7.1676,0.0899,0.0047,6.6688,0.0368,0.0113,0.0544,-2.8910,1.3805,-7.8500,0.1022,0.0121,6.8887,6.6686
55012,358,-2.8909,1.3951,-8.5174,0.0947,0.0040,6.6559,0.0353,0.0103,0.0528,-2.8891,1.3952,-8.5477,0.0983,0.0105,6.8814,6.6557
55013,112,-2.9313,1.4000,-9.2158,0.0923,0.0033,7.0159,0.0369,0.0107,0.0505,-2.9305,1.4000,-9.2400,0.1057,0.0114,6.9275,7.0157
55014,78,-2.9732,1.3660,-8.7119,0.0945,0.0042,6.5819,0.0346,0.0112,0.0510,-2.9669,1.3663,-9.4100,0.0900,0.0119,6.7857,6.5817
55015,354,-2.9482,1.3368,-8.0432,0.0901,0.0106,6.2375,0.0357,0.0102,0.0479,-2.9506,1.3367,-8.0040,0.0943,0.0105,6.1823,6.2373
55016,666,-2.9385,1.3220,-8.1378,0.0788,0.0035,6.4692,0.0333,0.0101,0.0494,-2.9357,1.3220,-8.0808,0.0802,0.0105,6.4996,6.4690
55035,443,-2.9795,1.3253,-7.9460,0.1281,0.0038,8.8021,0.0402,0.0103,0.0494,-2.9747,1.3253,-8.0919,0.1333,0.0105,8.4927,8.8019
55036,25,-2.9986,1.3206,-5.8645,0.1130,0.0058,9.1430,0.0386,0.0157,0.0433,-3.0093,1.3202,-4.5700,0.1239,0.0170,9.0211,9.1429
55044,20,-2.9563,1.3288,-7.6045,0.0882,0.0063,10.6832,0.0391,0.0138,0.0445,-2.9425,1.3275,-8.5600,0.1198,0.0155,12.3105,10.6831
55045,149,-2.9675,1.3303,-8.8481,0.1393,0.0033,7.8961,0.0441,0.0107,0.0545,-2.9699,1.3304,-8.4700,0.1478,0.0113,7.8291,7.8959
55051,527,-2.9653,1.3313,-7.6917,0.1183,0.0032,7.5516,0.0368,0.0101,0.0487,-2.9652,1.3312,-7.5159,0.1243,0.0105,7.6812,7.5514
55052,50,-2.9611,1.3299,-7.6809,0.0989,0.0038,7.6754,0.0353,0.0122,0.0482,-2.9438,1.3299,-7.6400,0.0916,0.0131,7.3869,7.6753
55053,25,-2.8914,1.3277,-9.0874,0.1610,0.0050,5.3732,0.0445,0.0140,0.0395,-2.9147,1.3270,-8.8300,0.1718,0.0156,5.4700,5.3730
55055,142,-2.9581,1.3321,-8.3735,0.1068,0.0030,6.5222,0.0373,0.0107,0.0514,-2.9545,1.3323,-8.5000,0.1096,0.0112,6.9584,6.5220
55057,292,-2.9536,1.3276,-7.7116,0.1020,0.0029,7.2574,0.0379,0.0100,0.0562,-2.9533,1.3275,-7.5700,0.1043,0.0106,7.3577,7.2572
55058,93,-2.9511,1.3152,-8.3005,0.1012,0.0037,7.1165,0.0388,0.0112,0.0524,-2.9430,1.3146,-8.4100,0.1170,0.0119,7.2157,7.1163
55060,89,-2.9322,1.3283,-7.9401,0.1288,0.0040,7.0138,0.0400,0.0108,0.0517,-2.9181,1.3290,-8.0500,0.1310,0.0116,6.6474,7.0136
55063,58,-2.9396,1.3201,-6.4602,0.1071,0.0047,7.5528,0.0396,0.0122,0.0562,-2.9364,1.3198,-6.5100,0.1146,0.0130,8.1391,7.5525
55064,354,-2.9439,1.3268,-7.5929,0.1067,0.0031,6.6257,0.0366,0.0100,0.0500,-2.9456,1.3269,-7.4900,0.1132,0.0105,6.5680,6.6255
55066,310,-2.9265,1.3272,-8.2248,0.1027,0.0030,6.4290,0.0344,0.0100,0.0500,-2.9242,1.3272,-8.5200,0.1053,0.0105,6.5645,6.4288
55067,284,-2.9451,1.3180,-8.4474,0.1097,0.0032,6.5441,0.0400,0.0100,0.0526,-2.9436,1.3179,-8.5700,0.1193,0.0106,6.1696,6.5439
55068,86,-2.9512,1.3267,-8.8183,0.1058,0.0032,6.3823,0.0352,0.0111,0.0463,-2.9365,1.3273,-8.9400,0.1191,0.0118,6.0202,6.3821
55069,185,-2.9388,1.3201,-7.7688,0.1035,0.0030,6.4781,0.0362,0.0102,0.0475,-2.9370,1.3198,-8.1000,0.1064,0.0108,6.5646,6.4779
55070,198,-2.9374,1.3267,-7.9766,0.1028,0.0029,6.3293,0.0345,0.0103,0.0508,-2.9408,1.3268,-8.0800,0.1044,0.0109,6.6155,6.3291
55071,95,-2.9355,1.3322,-8.2572,0.1308,0.0035,6.0462,0.0387,0.0109,0.0453,-2.9260,1.3327,-8.1600,0.1340,0.0116,6.1447,6.0460
55072,332,-2.9391,1.3249,-7.1251,0.1020,0.0036,5.8316,0.0344,0.0102,0.0464,-2.9372,1.3248,-6.9401,0.1053,0.0105,5.6295,5.8314
55073,55,-2.9429,1.3380,-8.0504,0.0935,0.0041,5.2893,0.0317,0.0123,0.0423,-2.9458,1.3379,-8.2000,0.0983,0.0132,5.5984,5.2892
55089,23,-2.9853,1.1831,-8.3429,0.1303,0.0067,9.5062,0.0372,0.0152,0.0557,-2.9927,1.1826,-10.0100,0.1354,0.0168,10.2731,9.5061
55090,322,-3.0226,1.1721,-8.3323,0.1350,0.0031,8.2545,0.0377,0.0100,0.0496,-3.0196,1.1724,-8.3600,0.1353,0.0106,7.9761,8.2544
55091,421,-3.0368,1.1612,-8.5534,0.1399,0.0032,8.7870,0.0388,0.0103,0.0493,-3.0397,1.1612,-8.6586,0.1383,0.0104,8.5605,8.7869
55092,315,-3.0325,1.1511,-7.5710,0.1370,0.0032,8.3557,0.0380,0.0101,0.0495,-3.0319,1.1510,-8.0000,0.1383,0.0106,8.3568,8.3556
55094,1090,-3.0141,1.1688,-7.5907,0.1353,0.0062,8.4645,0.0382,0.0100,0.0485,-3.0153,1.1688,-7.5056,0.1383,0.0105,8.2791,8.4643
55095,167,-3.0064,1.1756,-7.4135,0.1265,0.0036,8.4082,0.0391,0.0103,0.0548,-3.0115,1.1761,-7.6500,0.1256,0.0109,8.7474,8.4080
55096,498,-3.0042,1.1709,-7.5283,0.1283,0.0060,8.1375,0.0365,0.0101,0.0471,-3.0037,1.1710,-7.6497,0.1332,0.0104,7.8967,8.1373
55097,227,-3.0216,1.1595,-8.5545,0.1217,0.0034,8.1774,0.0358,0.0103,0.0500,-3.0226,1.1592,-8.5200,0.1194,0.0108,8.0065,8.1773
55098,97,-3.0171,1.1609,-7.2342,0.1200,0.0043,7.3183,0.0436,0.0110,0.0539,-3.0103,1.1608,-7.7800,0.1161,0.0117,7.2730,7.3181
55102,320,-3.0114,1.1575,-7.7174,0.1247,0.0028,7.8902,0.0376,0.0100,0.0479,-3.0070,1.1575,-7.9800,0.1283,0.0105,8.2757,7.8901
55103,375,-3.0049,1.1587,-8.3556,0.1123,0.0035,7.7008,0.0367,0.0102,0.0491,-3.0019,1.1587,-8.6888,0.1112,0.0105,7.8066,7.7007
55104,122,-3.0109,1.1635,-6.8027,0.1404,0.0032,8.2170,0.0372,0.0109,0.0511,-3.0103,1.1629,-6.8700,0.1398,0.0115,8.5673,8.2168
55106,1015,-3.0106,1.1598,-7.9055,0.1086,0.0051,7.4552,0.0374,0.0099,0.0505,-3.0113,1.1597,-8.0177,0.1073,0.0105,7.5949,7.4551
55107,477,-2.9984,1.1674,-7.7831,0.1027,0.0102,6.8028,0.0380,0.0101,0.0542,-2.9987,1.1673,-7.8747,0.1073,0.0105,7.0468,6.8026
55108,100,-3.0056,1.1791,-8.5921,0.0969,0.0032,6.7809,0.0407,0.0112,0.0549,-3.0027,1.1787,-8.5700,0.1059,0.0118,6.5592,6.7807
55109,29,-2.9701,1.1775,-5.1509,0.0574,0.0055,7.5271,0.0316,0.0139,0.0558,-2.9762,1.1767,-4.7900,0.0611,0.0149,8.2016,7.5269
55111,568,-3.0030,1.1671,-7.8138,0.0941,0.0046,6.2312,0.0364,0.0100,0.0514,-3.0050,1.1674,-7.7813,0.1012,0.0105,6.3648,6.2310
55118,253,-2.8991,1.1825,-8.4670,0.1540,0.0029,8.3597,0.0426,0.0102,0.0537,-2.9120,1.1824,-8.1700,0.1585,0.0107,8.6578,8.3596
55120,575,-3.0028,1.1799,-8.2484,0.1452,0.0044,8.3170,0.0399,0.0101,0.0485,-3.0044,1.1799,-8.1749,0.1373,0.0105,8.4872,8.3168
55124,63,-2.9921,1.1938,-7.8169,0.1370,0.0036,8.4329,0.0323,0.0130,0.0471,-2.9933,1.1942,-7.8700,0.1447,0.0136,8.8721,8.4327
55125,34,-2.9886,1.2019,-7.3855,0.1126,0.0063,8.6889,0.0346,0.0128,0.0474,-2.9854,1.2031,-7.4900,0.1192,0.0139,8.9382,8.6888
55126,100,-3.0125,1.1981,-8.7001,0.1229,0.0040,8.3659,0.0381,0.0107,0.0444,-3.0277,1.1995,-8.3600,0.1209,0.0114,8.5447,8.3658
55128,32,-2.9819,1.1921,-6.9075,0.1183,0.0064,9.0932,0.0402,0.0133,0.0539,-2.9689,1.1927,-6.8000,0.1342,0.0144,10.2579,9.0931
55130,206,-3.0121,1.1842,-9.2498,0.1186,0.0033,8.1419,0.0392,0.0102,0.0495,-3.0034,1.1844,-9.0900,0.1255,0.0107,8.0748,8.1418
55133,1476,-3.0246,1.1836,-8.1675,0.1147,0.0045,7.4553,0.0373,0.0099,0.0493,-3.0252,1.1837,-8.1731,0.1153,0.0105,7.2288,7.4552
55134,55,-3.0544,1.1963,-8.6977,0.1278,0.0035,7.5896,0.0333,0.0120,0.0437,-3.0504,1.1962,-8.4900,0.1275,0.0128,7.7017,7.5895
55135,1122,-3.0181,1.1889,-8.3280,0.1045,0.0066,6.9224,0.0358,0.0100,0.0482,-3.0200,1.1889,-8.4483,0.1092,0.0105,7.1733,6.9222
55136,74,-3.0169,1.1723,-6.6678,0.1048,0.0037,5.6762,0.0405,0.0110,0.0526,-3.0165,1.1719,-6.7600,0.1122,0.0118,6.0304,5.6759
55137,99,-3.0143,1.1828,-8.5215,0.1067,0.0030,6.9522,0.0359,0.0114,0.0513,-3.0164,1.1833,-7.9500,0.1128,0.0119,7.0174,6.9520
55140,577,-2.9600,1.1885,-8.4632,0.0984,0.0030,6.5520,0.0365,0.0100,0.0506,-2.9684,1.1887,-8.1017,0.1032,0.0104,6.5803,6.5518
55141,189,-2.9602,1.1908,-7.2521,0.1088,0.0034,6.3431,0.0360,0.0102,0.0509,-2.9577,1.1909,-7.5900,0.1064,0.0108,6.3956,6.3429
55151,27,-2.9879,1.1785,-3.9618,0.1365,0.0046,8.7350,0.0362,0.0128,0.0414,-2.9768,1.1793,-4.2100,0.1269,0.0142,9.3548,8.7349
55170,161,-2.9323,1.1744,-7.1311,0.1391,0.0031,8.5631,0.0409,0.0104,0.0536,-2.9242,1.1749,-7.1400,0.1577,0.0110,8.8394,8.5629
55171,442,-2.9408,1.1722,-8.0378,0.1107,0.0035,7.0959,0.0378,0.0102,0.0505,-2.9377,1.1725,-8.0367,0.1122,0.0104,7.0942,7.0957
55188,41,-2.8969,1.1793,-7.5036,0.0931,0.0047,8.0565,0.0363,0.0121,0.0440,-2.8902,1.1792,-6.6400,0.0979,0.0132,8.0306,8.0563
55191,1291,-2.9259,1.1730,-7.8204,0.1021,0.0033,7.2286,0.0359,0.0099,0.0491,-2.9250,1.1730,-7.9040,0.1052,0.0104,7.3224,7.2284
55194,385,-2.9377,1.1622,-7.8090,0.0818,0.0034,5.9862,0.0339,0.0099,0.0482,-2.9371,1.1621,-7.5800,0.0842,0.0104,5.9627,5.9860
55383,886,-2.8527,1.1680,-7.6591,0.1106,0.0029,7.4155,0.0367,0.0098,0.0451,-2.8520,1.1679,-7.9714,0.1112,0.0104,7.3044,7.4153
55390,251,-2.8606,1.1700,-7.9324,0.1138,0.0033,7.1727,0.0366,0.0100,0.0466,-2.8656,1.1699,-7.8200,0.1163,0.0106,7.3999,7.1726
55392,1104,-2.8542,1.1646,-7.3057,0.1176,0.0053,7.1797,0.0372,0.0099,0.0507,-2.8531,1.1646,-7.2548,0.1144,0.0104,7.1451,7.1795
55393,375,-2.8188,1.1858,-8.0796,0.1166,0.0031,7.0019,0.0380,0.0100,0.0506,-2.8212,1.1857,-8.0800,0.1172,0.0105,7.1148,7.0017
55394,79,-2.8960,1.1907,-7.9716,0.1456,0.0036,8.1505,0.0388,0.0109,0.0426,-2.8866,1.1905,-8.0300,0.1532,0.0118,8.4290,8.1504
55395,594,-2.8992,1.1781,-7.3327,0.1483,0.0059,7.6349,0.0378,0.0101,0.0516,-2.9007,1.1780,-7.4384,0.1583,0.0104,7.8073,7.6347
55397,303,-2.9080,1.1784,-7.4531,0.1118,0.0035,6.2710,0.0392,0.0099,0.0529,-2.9065,1.1789,-7.1300,0.1153,0.0105,6.2917,6.2708
55398,199,-2.8975,1.1823,-7.2805,0.1256,0.0032,6.9945,0.0428,0.0104,0.0629,-2.8998,1.1820,-6.9400,0.1265,0.0109,7.0987,6.9942
55399,306,-2.8878,1.1869,-8.2359,0.1458,0.0030,6.0843,0.0385,0.0101,0.0514,-2.8905,1.1869,-8.2300,0.1403,0.0106,6.0909,6.0841
55400,70,-2.9087,1.1505,-6.9775,0.1331,0.0036,4.7009,0.0344,0.0117,0.0476,-2.9079,1.1497,-6.9900,0.1333,0.0125,4.7268,4.7006
55500,146,-2.8922,1.1795,-7.6164,0.2139,0.0028,8.7341,0.0437,0.0106,0.0517,-2.9121,1.1795,-8.5100,0.1829,0.0112,8.3346,8.7339
55501,533,-2.9094,1.1792,-8.0501,0.1925,0.0037,7.8362,0.0389,0.0101,0.0472,-2.9086,1.1794,-7.9055,0.1854,0.0105,7.9671,7.8360
55502,183,-2.9092,1.1707,-7.7442,0.1684,0.0032,7.1974,0.0375,0.0102,0.0460,-2.9038,1.1705,-7.5500,0.1656,0.0108,7.3168,7.1972
55503,27,-2.9036,1.1620,-7.7499,0.1777,0.0043,7.0561,0.0435,0.0141,0.0544,-2.9127,1.1617,-7.6100,0.1642,0.0152,7.8992,7.0559
55504,66,-2.8831,1.1782,-7.3832,0.1805,0.0052,7.8161,0.0455,0.0116,0.0592,-2.8803,1.1780,-6.8000,0.1609,0.0124,8.4658,7.8158
55505,24,-2.8415,1.1544,-7.2294,0.2094,0.0056,6.4137,0.0466,0.0160,0.0504,-2.8570,1.1540,-6.2900,0.2313,0.0179,7.5807,6.4135
55507,222,-2.8731,1.1723,-7.4538,0.2049,0.0031,7.1890,0.0396,0.0102,0.0491,-2.8723,1.1722,-7.7600,0.1816,0.0108,7.4842,7.1888
55509,2206,-2.8915,1.1718,-7.8839,0.1878,0.0075,6.5694,0.0406,0.0101,0.0506,-2.8905,1.1719,-7.9975,0.1834,0.0105,6.8092,6.5692
55510,260,-2.9696,1.1792,-8.0081,0.1661,0.0028,6.6300,0.0389,0.0101,0.0516,-2.9615,1.1795,-7.8500,0.1685,0.0107,6.2219,6.6298
55541,691,-2.9059,1.1822,-7.5254,0.1417,0.0072,8.8630,0.0379,0.0101,0.0469,-2.9107,1.1820,-7.3878,0.1383,0.0105,9.0540,8.8629
55542,2906,-2.9760,1.1815,-8.1434,0.1609,0.0087,7.4120,0.0393,0.0100,0.0498,-2.9771,1.1815,-8.1739,0.1513,0.0105,7.1192,7.4118
55569,61,-2.9655,1.3610,-6.5917,0.1642,0.0058,8.5329,0.0358,0.0122,0.0435,-2.9748,1.3616,-6.1700,0.1557,0.0129,8.7430,8.5328
55570,1400,-3.0572,1.1907,-8.0188,0.1718,0.0387,7.1778,0.0393,0.0101,0.0510,-3.0581,1.1908,-8.0117,0.1604,0.0106,6.8511,7.1776
55571,99,-2.9920,1.1590,-7.2049,0.1460,0.0035,6.8434,0.0395,0.0111,0.0530,-2.9854,1.1588,-7.1200,0.1450,0.0117,6.7585,6.8432
55572,221,-2.9915,1.1640,-7.9237,0.1508,0.0033,6.4254,0.0390,0.0103,0.0481,-2.9848,1.1640,-7.5600,0.1615,0.0108,6.5593,6.4252
55573,640,-2.9715,1.1813,-7.4320,0.1556,0.0045,6.2131,0.0402,0.0100,0.0490,-2.9768,1.1815,-7.2788,0.1674,0.0105,6.2366,6.2129
55574,262,-2.9984,1.1807,-7.7791,0.1706,0.0033,6.5570,0.0416,0.0100,0.0495,-2.9961,1.1806,-7.9200,0.1675,0.0106,6.6123,6.5568
55585,553,-3.1450,1.0930,-6.1674,0.2000,0.0085,8.0046,0.0421,0.0104,0.0551,-3.1406,1.0932,-6.0917,0.2025,0.0107,7.7285,8.0045
55593,420,-3.0022,1.1910,-7.5997,0.1995,0.0147,8.0127,0.0405,0.0102,0.0495,-2.9992,1.1909,-7.4781,0.1855,0.0106,8.1223,8.0126
55595,908,-2.9589,1.3079,-7.2949,0.1838,0.0163,7.1921,0.0413,0.0101,0.0532,-2.9608,1.3081,-7.2922,0.1794,0.0107,7.1420,7.1919
55599,2752,-2.9725,1.1610,-7.7947,0.1700,0.0292,6.6259,0.0393,0.0100,0.0496,-2.9719,1.1610,-7.8353,0.1643,0.0105,6.5634,6.6257
55614,951,-2.9493,1.1779,-7.9718,0.1645,0.0055,8.4967,0.0394,0.0102,0.0508,-2.9443,1.1778,-7.9790,0.1644,0.0106,8.2584,8.4966
55615,153,-2.9383,1.1880,-9.8792,0.1403,0.0031,7.0431,0.0380,0.0105,0.0509,-2.9318,1.1881,-10.0400,0.1417,0.0111,6.9038,7.0429
55660,178,-2.9568,1.1733,-12.7214,0.1505,0.0039,7.4203,0.0399,0.0103,0.0449,-2.9469,1.1734,-12.4500,0.1567,0.0109,7.1183,7.4202
55665,243,-2.9512,1.1865,-9.9318,0.1430,0.0030,8.9785,0.0372,0.0102,0.0456,-2.9510,1.1866,-10.1000,0.1354,0.0107,8.7583,8.9784
55666,176,-2.9563,1.1819,-9.8664,0.1704,0.0040,8.0421,0.0361,0.0102,0.0441,-2.9583,1.1818,-9.9500,0.1636,0.0108,8.1428,8.0419
55673,24,-3.0326,1.1629,-8.0777,0.1154,0.0057,10.2886,0.0362,0.0154,0.0929,-3.0388,1.1642,-7.3000,0.1214,0.0165,9.0100,10.2882
55677,179,-2.9540,1.1567,-8.6771,0.1409,0.0034,8.9177,0.0408,0.0106,0.0525,-2.9473,1.1566,-8.0700,0.1446,0.0111,8.6299,8.9175
55681,259,-2.9432,1.1490,-9.0788,0.1322,0.0032,7.5130,0.0416,0.0101,0.0525,-2.9423,1.1490,-9.0600,0.1364,0.0107,7.3427,7.5128
55693,61,-2.9958,1.0478,-10.1740,0.1354,0.0035,7.3991,0.0403,0.0125,0.0555,-2.9810,1.0476,-9.9900,0.1319,0.0132,7.8018,7.3989
55705,152,-2.9590,1.0528,-6.8076,0.1419,0.0033,10.2033,0.0386,0.0104,0.0509,-2.9549,1.0527,-6.3300,0.1457,0.0110,10.2594,10.2032
55707,24,-2.9491,1.0877,-6.6827,0.1232,0.0058,8.8764,0.0510,0.0132,0.0550,-2.9531,1.0883,-7.7100,0.1463,0.0146,9.7690,8.8763
55708,567,-2.9238,1.1359,-8.4609,0.1315,0.0165,7.5380,0.0378,0.0101,0.0470,-2.9300,1.1358,-8.4896,0.1413,0.0105,7.9563,7.5378
55712,69,-2.9102,1.1652,-9.6628,0.1229,0.0033,7.5398,0.0417,0.0114,0.0506,-2.9035,1.1642,-9.4000,0.1203,0.0121,8.1053,7.5396
55713,572,-2.9430,1.1772,-8.4886,0.1190,0.0043,7.2423,0.0377,0.0101,0.0524,-2.9389,1.1771,-8.4188,0.1182,0.0104,7.4547,7.2421
55724,210,-2.9830,1.1636,-6.9848,0.1491,0.0034,8.9985,0.0363,0.0103,0.0506,-2.9767,1.1637,-7.1700,0.1505,0.0108,9.0738,8.9983
55725,1172,-2.9475,1.1540,-8.2893,0.1357,0.0040,8.6404,0.0388,0.0099,0.0511,-2.9488,1.1539,-8.1407,0.1302,0.0105,8.8131,8.6402
55727,121,-2.9212,1.1573,-7.5281,0.1423,0.0036,9.1897,0.0356,0.0109,0.0482,-2.9311,1.1571,-7.2400,0.1348,0.0116,9.2778,9.1896
55728,67,-2.9323,1.1667,-8.9353,0.1197,0.0046,8.9170,0.0379,0.0117,0.0432,-2.9307,1.1663,-7.8100,0.1354,0.0125,9.0149,8.9169
55729,126,-2.9306,1.1511,-8.1860,0.1128,0.0034,8.6666,0.0391,0.0108,0.0557,-2.9341,1.1511,-8.5000,0.1217,0.0114,8.5564,8.6664
55730,407,-2.9212,1.1388,-8.9991,0.1369,0.0079,8.3717,0.0360,0.0104,0.0465,-2.9181,1.1389,-8.9865,0.1302,0.0105,8.5130,8.3716
55731,223,-2.9294,1.0943,-7.9147,0.1259,0.0032,7.3246,0.0378,0.0103,0.0514,-2.9360,1.0946,-7.7600,0.1194,0.0108,7.1592,7.3244
55732,2046,-2.9368,1.0668,-7.7099,0.1162,0.0541,7.4763,0.0375,0.0100,0.0511,-2.9375,1.0669,-7.6266,0.1183,0.0105,7.4278,7.4762
